id,title,date,actors,audits,director,description,poster_url,average,genre,like_users,poster2_url
,어벤져스: 엔드게임,20190424,"['로버트 다우니 주니어', '크리스 에반스', '마크 러팔로']",12세이상관람가,안소니 루소,"인피니티 워 이후 절반만 살아남은 지구, 마지막 희망이 된 어벤져스! 먼저 떠난 그들을 위해 모든 것을 걸었다!",https://image.tmdb.org/t/p/w500/n78LK2t1uQP68Ud0VXHRe0HmKOp.jpg,0,액션,,https://image.tmdb.org/t/p/w500/7RyHsO4yDXtBv1zUU3mTpHeQ0d5.jpg
,나의 특별한 형제,20190501,"['신하균', '이광수', '이솜']",12세이상관람가,육상효,"비상한 두뇌를 가졌지만 동생 '동구' 없이는 아무 데도 못 가는 형 '세하'(신하균), 뛰어난 수영실력을 갖췄지만 형 '세하' 없이는 아무것도 못 하는 동생 '동구'(이광수). 이들은 피 한 방울 섞이지 않았지만 20년 동안 한 몸처럼 살아온 '특별한 형제'다. 어느 날 형제의 보금자리 '책임의 집'을 운영하던 신부님이 돌아가시자 모든 지원금이 끊기게 되고, 각각 다른 장애를 가진 두 사람은 헤어질 위기에 처하고 만다. 세하는 '책임의 집'을 지키고 동구와 떨어지지 않기 위해 구청 수영장 알바생이자 취준생 '미현'(이솜)을 수영코치로 영입하고, 동구를 수영대회에 출전시켜 사람들의 이목을 집중시키는 데 성공한다. 헤어지지 않을 수 있다는 희망을 본 것도 잠시, 예상치 못한 인물이 형제 앞에 등장하면서 형제는 새로운 위기를 겪게 되는데...",https://image.tmdb.org/t/p/w500/lgSw2aHAgo4uRqgWsM08cKvWo8f.jpg,0,드라마,,https://image.tmdb.org/t/p/w500/eNQLc072eu0ttmfJYx7Xhrc3iHS.jpg
,뽀로로 극장판 보물섬 대모험,20190425,"['이선', '이미자', '김현지']",전체관람가,김현호,"떠나자, 보물섬으로~!  뽀로로와 친구들의 스펙터클 보물찾기 어드벤처!",https://image.tmdb.org/t/p/w500/3iy8XN5nlCewKP9YGlNEuHOo8dq.jpg,0,애니메이션,,https://image.tmdb.org/t/p/w500/AoquSeGLJUOqBDY1mzMjV8vjzqQ.jpg
,어글리 돌,20190501,"['켈리 클락슨', '닉 조나스', '자넬 모네']",전체관람가,캘리 애스버리,"춤과 노래가 멈추지 않는 행복 마을 ‘어글리 빌’에 사는 사랑둥이 인싸돌 ‘모씨’는 마을 바깥에 어떤 세상이 있을지 늘 궁금해한다. 모씨는 친구 ‘어글리 독’, ‘웨이지’, ‘럭키 뱃’, ‘바보’와 함께 파이프 건너편으로 모험을 떠나기로 결심하고 외모도 성격도 너무 완벽한 ‘퍼펙션 스쿨’의 ‘루’와 ‘맨디‘를 만나 새롭고 짜릿한 세상을 경험한다! 퍼펙션 스쿨에서 최고의 애착 인형이 되기 위한 스파르타 수업에 몰두하던 이들은 인형들의 숨겨진 진실을 마주하고 마는데…",https://image.tmdb.org/t/p/w500/wJX6SLX40kMBMf2yk1iXTtqaVTs.jpg,0,애니메이션,,https://image.tmdb.org/t/p/w500/4v07pZGlIHveHCrU6rW236wnAyB.jpg
,생일,20190403,"['설경구', '전도연', '김보민']",전체관람가,이종언,"세상을 먼저 떠난 아들 ‘수호’ 에 대한 그리움을 안고 살아가는 '정일'과 '순남'의 가족. 어김없이 올해도 아들의 생일이 돌아오고, 가족들의 그리움은 더욱 커져만 간다. 수호가 없는 수호의 생일. 가족과 친구들은 함께 모여 서로가 간직했던 특별한 기억을 선물하기로 하는데...",https://image.tmdb.org/t/p/w500/qrLLjnPAqP4nrYW7mX0clSUptiW.jpg,0,드라마,,https://image.tmdb.org/t/p/w500/xTN6HGNl5hIl1SsoIFYPTVrFLjL.jpg
,프렌즈: 둥지탈출,20190501,[],전체관람가,크리스찬 하스,"갈매기 가족의 둥지에서 자란 칼새의 새끼 ‘마누’는 갈매기 비행 학교에서 가르치는 비행법에 적응하지 못한 미운 아기 새가 되고 만다. 갈매기 대장 ‘칼리프’는 열등생 ‘마누’를 둥지에서 쫓아내려 하고, ‘마누’는 갈매기들과 다시 가족이 되기 위해 깃털 친구들의 도움을 받아 날기 대회 1등에 도전하기로 하는데… 가족과 함께하기 위해 둥지를 탈출한 ‘마누’ 과연 미운 아기 새에서 벗어나 하늘 높이 날아 오를 수 있을까?!",https://image.tmdb.org/t/p/w500/1VN6PwvHPsCVdWaiCw9xdQre0Ii.jpg,0,애니메이션,,https://image.tmdb.org/t/p/w500/4q4PeZzovaZ418KBARiuxDimm8p.jpg
,캡틴 마블,20190306,"['브리 라슨', '사무엘 L. 잭슨', '벤 멘델슨']",12세이상관람가,애너 보든,"1995년, 공군 파일럿 시절의 기억을 잃고 크리족 전사로 살아가던 캐럴 댄버스(브리 라슨)가 지구에 불시착한다. 쉴드 신참 요원 닉 퓨리(사무엘 L. 잭슨)에게 발견되어 팀을 이룬 그들은 지구로 향하는 더 큰 위협을 감지하고 힘을 합쳐 전쟁을 끝내야 하는데…",https://image.tmdb.org/t/p/w500/jWd9tWuoDPN561r7vp4ekngEe7f.jpg,0,액션,,https://image.tmdb.org/t/p/w500/w2PMyoyLU22YvrGK3smVM9fW1jj.jpg
,안도 타다오,20190425,[],전체관람가,미즈노 시게노리,"전문적인 건축교육을 받지 못했지만, 타고난 예술성과 도전정신으로 실력을 인정받은 안도 타다오. 고교시절엔 복서로, 청년시절엔 건축 현장에서 치열한 나날을 보냈던 그는 우연히 서점에서 설계도면을 본 후, 건축가의 꿈을 안고 유럽으로 향한다. 현장에서 익힌 건축지식을 기반으로 콘크리트를 연구한 끝에 누구도 만들 수 없는 건축물을 만들며 노출 콘크리트의 거장이 된 그의 이야기가 시작된다!",https://image.tmdb.org/t/p/w500/oJVp2sHOqcpF4ha9QMHlos39Ebp.jpg,0,다큐멘터리,,https://image.tmdb.org/t/p/w500/iFKBGlzzmd1aQJVc88O40jL14F9.jpg
,미성년,20190411,"['염정아', '김소진', '김혜준']",15세이상관람가,김윤석,"같은 학교 2학년 주리(김혜준)와 윤아(박세진)가 학교 옥상에서 만났다. 최근 주리의 아빠 대원(김윤석)과 윤아의 엄마 미희(김소진) 사이에 벌어진 일을 알게 된 두 사람. 이 상황이 커지는 것을 막고 싶은 주리는 어떻게든 엄마 영주(염정아) 몰래 수습해보려 하지만 윤아는 어른들 일에는 관심 없다며 엮이지 않으려 한다. 그 때, 떨어진 주리의 핸드폰을 뺏어든 윤아는 영주의 전화를 받아 그 동안 감춰왔던 엄청난 비밀을 폭로해 버리고, 이를 본 주리는 멘붕에 빠지게 되는데…",https://image.tmdb.org/t/p/w500/84ybyWeNn8HC7Lu1BxvJlXx1nea.jpg,0,드라마,,https://image.tmdb.org/t/p/w500/eS0fHqhASRrHYYsMCMQdfTBXIwD.jpg
,항거:유관순 이야기,20190227,"['고아성', '김새벽', '김예은']",12세이상관람가,조민호,"1919년 3.1 만세운동 후 세평도 안 되는 서대문 감옥 8호실 속, 영혼만은 누구보다 자유로웠던 유관순과 8호실 여성들의 1년의 이야기.",https://image.tmdb.org/t/p/w500/qHOwoPTZDRERslz6nR3QzKjnw1y.jpg,0,드라마,,https://image.tmdb.org/t/p/w500/tJzNn1bHEVsmZ5wvojHnDmXHjEY.jpg
,사바하,20190220,"['이정재', '박정민', '이재인']",15세이상관람가,장재현,"신흥 종교 비리를 찾아내는 종교문제연구소 ‘박목사’(이정재). 최근 사슴동산이라는 새로운 종교 단체를 조사 중이다. 영월 터널에서 여중생이 사체로 발견되는 사건이 발생하고 이를 쫓던 경찰과 우연히 사슴동산에서 마주친 박목사는 이번 건이 심상치 않음을 직감한다. 터널 사건 유력 용의자의 자살, 그리고 실체를 알 수 없는 정비공 ‘나한’(박정민)과 16년 전 태어난 쌍둥이 동생 ‘금화’(이재인)의 존재까지, 사슴동산에 대해 파고들수록 박목사는 점점 더 많은 미스터리와 마주하게 되는데…!",https://image.tmdb.org/t/p/w500/9NvqPjMwjQ2hGwSEXcZ1VZ4mqVS.jpg,0,미스터리,,https://image.tmdb.org/t/p/w500/vDTHyh8NeKj3dyGY8FZDRhnI8WB.jpg
,증인,20190213,"['정우성', '김향기', '이규형']",12세이상관람가,이한,"신념은 잠시 접어두고 현실을 위해 속물이 되기로 마음먹은 민변 출신의 대형 로펌 변호사 ‘순호’(정우성). 파트너 변호사로 승진할 수 있는 큰 기회가 걸린 사건의 변호사로 지목되자 살인 용의자의 무죄를 입증하기 위해 유일한 목격자인 자폐 소녀 ‘지우’(김향기)를 증인으로 세우려 한다. 자기만의 세계에 빠져 의사소통이 어려운 ‘지우’. ‘순호’는 사건 당일 목격한 것을 묻기 위해 ‘지우’를 찾아가지만, 제대로 된 인사조차 나누지 못한다. 하지만 그날의 이야기를 듣기 위해 지우에게 다가가려 노력하는 ‘순호’, 시간이 흐를수록 조금씩 ‘지우’에 대해 이해하게 되지만 이제 두 사람은 법정에서 변호사와 증인으로 마주해야 하는데…",https://image.tmdb.org/t/p/w500/iv37yISyjBd9Qnp3wZAui5IpYAk.jpg,0,드라마,,https://image.tmdb.org/t/p/w500/iJtsrvr9fWPpx9QO3PwuqMz58wy.jpg
,극한직업,20190123,"['류승룡', '이하늬', '진선규']",15세이상관람가,이병헌,"불철주야 달리고 구르지만 실적은 바닥, 급기야 해체 위기를 맞는 마약반!  더 이상 물러설 곳이 없는 팀의 맏형 고반장은 국제 범죄조직의 국내 마약 밀반입 정황을 포착하고 장형사, 마형사, 영호, 재훈까지 4명의 팀원들과 함께 잠복 수사에 나선다.  마약반은 24시간 감시를 위해 범죄조직의 아지트 앞 치킨집을 인수해 위장 창업을 하게 되고, 뜻밖의 절대미각을 지닌 마형사의 숨은 재능으로 치킨집은 일약 맛집으로 입소문이 나기 시작한다.  수사는 뒷전, 치킨장사로 눈코 뜰 새 없이 바빠진 마약반에게 어느 날 절호의 기회가 찾아오는데…",https://image.tmdb.org/t/p/w500/mkMQDyrJ9g4j6JSBrq7Nv4esSKY.jpg,0,코미디,,https://image.tmdb.org/t/p/w500/rSGNonLiTSKUjT7HhQSqhpGFihs.jpg
,자전차왕 엄복동,20190227,"['정지훈', '강소라', '이범수']",12세이상관람가,김유성,"일제강점기, 일본에서는 조선의 민족의식을 꺾고 그들의 지배력을 과시하기 위해 전조선자전차대회를 개최한다. 하지만 일본 최고의 선수들을 제치고 조선인 최초로 우승을 차지한 엄복동의 등장으로 일본의 계략은 실패로 돌아가고, 계속되는 무패행진으로 ‘민족 영웅’으로 떠오른 그의 존재에 조선 전역은 들끓기 시작한다. 때맞춰 애국단의 활약까지 거세지자 위기감을 느낀 일본은 엄복동의 우승을 막고 조선인들의 사기를 꺾기 위해 최후의 자전차 대회를 개최하는데...",https://image.tmdb.org/t/p/w500/zFLAZe7W95FBtmt19mTYzMSp4Ep.jpg,0,드라마,,https://image.tmdb.org/t/p/w500/gHHEEAnCnv5AUeTzmg4yjtasiOQ.jpg
,신데렐라:마법 반지의 비밀,20190220,"['사문영', '김혜성', '남도형']",전체관람가,린 사우더랜드,"새엄마와 두 언니의 구박에도 늘 씩씩한 신데렐라는 꼬꼬마 마법사 크리스탈의 도움으로 생쥐 친구들과 함께 왕궁 무도회에 참석하게 된다. 하지만 진짜 왕자는 마녀의 주문에 걸려 있다는 사실을 알게 되고, 왕자를 구하기 위해 마법의 숲에 있는 전설 속 반지를 찾기 위한 모험을 시작하는데…",https://image.tmdb.org/t/p/w500/fb3R1wWL87QLt5DwsXrSBVnq15B.jpg,0,애니메이션,,https://image.tmdb.org/t/p/w500/ozUAPUxhpzwePlyp7TULZ4kQ64M.jpg
,"어쩌다, 결혼",20190227,"['김동욱', '고성희', '황보라']",12세이상관람가,박수진,"재산을 물려받기 위해서는 결혼을 꼭 해야만 하는 ‘성석’(김동욱). 엄마와 세 오빠의 결혼 압박에서 벗어나 나만의 인생을 찾고 싶은 ‘해주’(고성희). 부모님의 등쌀에 못 이겨 나간 맞선 자리에서 만나게 된 둘은 각자의 목적을 달성하기 위해 딱! 3년간만 결혼하는 ‘척’하기로 계약한다. 하지만 두 사람의 결혼 준비가 진행될수록 방해꾼들은 늘어만 가고, 넘어야 할 산이 한두 개가 아닌데… 결혼하는 척, 같이 사는 척, 딱! 3년만 하는 척! 척! 과연 두 사람의 ‘하는 척’은 성공할 수 있을까?",https://image.tmdb.org/t/p/w500/aR9x3P92cQeWi1EaJBxoxkbMPnK.jpg,0,멜로/로맨스,,https://image.tmdb.org/t/p/w500/qRdoLCqd0eCIdL4YrMpAwjfENvB.jpg
,드래곤 길들이기 3,20190130,"['제이 바루첼', '아메리카 페레라', '케이트 블란쳇']",전체관람가,딘 데블로이스,바이킹 족장으로 거듭난 히컵과 그의 영원한 친구 투슬리스가 누구도 찾지 못했던 드래곤의 파라다이스 히든월드를 찾아 떠나는 마지막 모험을 담은 스펙터클 액션 어드벤처,https://image.tmdb.org/t/p/w500/tR7qCJvVql0OQ42TzE1T6GUxjsI.jpg,0,애니메이션,,https://image.tmdb.org/t/p/w500/lFwykSz3Ykj1Q3JXJURnGUTNf1o.jpg
,더 페이버릿: 여왕의 여자,20190221,"['올리비아 콜맨', '엠마 스톤', '레이첼 와이즈']",15세이상관람가,요르고스 란티모스,절대 권력을 지닌 히스테릭한 영국의 여왕 ‘앤’(올리비아 콜맨). ​여왕의 오랜 친구이자 권력의 실세 ‘사라 제닝스’(레이첼 와이즈)와 ​신분 상승을 노리는 몰락한 귀족 가문 출신의 욕망 하녀 ​‘애비게일 힐’(엠마 스톤)은 여왕의 총애를 받기 위해 ​수단과 방법을 가리지 않고 발버둥치기 시작하는데…​,https://image.tmdb.org/t/p/w500/gRYzmzDAGrNhIiWtkih5OXsPB1i.jpg,0,드라마,,https://image.tmdb.org/t/p/w500/ekWMoBZ4B9rM60INZEh5FAD2HFR.jpg
,슈퍼미니 2,20190227,[],전체관람가,토마스 자보,"겨울나기 준비가 한창인 숲속 친구들. 흑개미 ‘틈틈이’와 그의 친구들은, 인간 세상에서 달콤한 ‘절대 설탕’을 공수하던 중 숙적인 불개미 ‘욕심이’ 일당을 다시 만나고 위기에 빠지게 된다! ‘틈틈이’를 구하러 온 무당벌레 ‘땡글이’. 하지만 구출 과정에서 사고로 ‘땡글이’ 아들인 ‘땡돌이’가 캐리비안 ‘과들루프’ 섬으로 발송되는 택배 박스에 실리게 된다. 아빠 ‘땡글이’와 거미 친구 ‘예민이’, 그리고 흑개미 ‘틈틈이‘는 ‘땡돌이’를 구하기 위해 긴급 구조 드림팀을 결성해 캐리비안으로 떠나게 되는데…!",https://image.tmdb.org/t/p/w500/ibsAqMeodIBtbBQimCwYynpQQYP.jpg,0,애니메이션,,https://image.tmdb.org/t/p/w500/bDQZgwEztdh71if6rm1AkMbpIdE.jpg
,아쿠아맨,20181219,"['제이슨 모모아', '앰버 허드', '니콜 키드먼']",12세이상관람가,제임스 완,"정략결혼을 피해 해저 왕국 아틀란티스에서 도망쳐 육지로 오게 된 아틀라나(니콜 키드먼)는 등대지기 톰(테무에라 모리슨)과 사랑에 빠진다. 아틀란티스의 세력으로부터 남편과 아들 아서(제이슨 모모아)을 지키기 위해서 아틀라나는 바다로 돌아가고, 육지에 남은 아서는 어릴 때부터 자신의 초능력을 인지해 인간세계의 해적을 물리치는 등 나름의 활약을 펼친다. 한편 아서의 이부형제 옴(패트릭 윌슨)은 육지를 정복하기 위한 작전을 세운다. 옴의 약혼자이자 네레우스 왕의 딸 메라(앰버 허드)는 아서에게 평화를 위해 해저 7개 왕국의 왕이 되어야만 한다고 설득하는데...",https://image.tmdb.org/t/p/w500/zoIFp0S7EdGuQ2iR9eBJb6UxGkv.jpg,0,액션,,https://image.tmdb.org/t/p/w500/9QusGjxcYvfPD1THg6oW3RLeNn7.jpg
,PMC: 더 벙커,20181226,"['하정우', '이선균', '제니퍼 엘']",15세이상관람가,김병우,"글로벌 군사기업(PMC) 블랙리저드의 캡틴 에이헵(하정우)은 미국 CIA의 의뢰로 거액의 프로젝트를 맡게 된다. 그러나 작전장소인 DMZ 지하 비밀벙커에는 약속된 타깃이 아닌 뜻밖의 인물, 북한 킹이 나타난다. 아시아 최고의 현상금이 걸린 킹, 그를 잡기 위해 캡틴 에이헵은 작전을 변경하고, 12인의 크루들과 함께 킹을 납치하는 데 성공한다. 하지만 또 다른 군사기업(PMC)의 기습과 미국 CIA의 폭격으로 함정에 빠져버린 에이헵과 블랙리저드팀. 결국 무너져버린 지하 비밀 벙커 안 부상을 입은 에이헵은 인질로 잡혀 있던 북한 최고의 엘리트 닥터 윤지의에게 도움을 요청하는데...",https://image.tmdb.org/t/p/w500/ffGU97DKmfQWHqlOPHrmJadYb1D.jpg,0,액션,,https://image.tmdb.org/t/p/w500/y5ul2qyntneMQTXmCQqfGtp8qVZ.jpg
,보헤미안 랩소디,20181031,"['라미 말렉', '조셉 마젤로', '마이크 마이어스']",12세이상관람가,브라이언 싱어,"공항 수하물 노동자로 일하며 음악의 꿈을 키우던 이민자 출신의 아웃사이더 파록 버사라. 보컬을 구하던 로컬 밴드에 들어가게 되면서 프레디 머큐리라는 이름으로 밴드 퀸을 이끌게 된다. 시대를 앞서가는 독창적인 음악과 화려한 퍼포먼스로 관중들을 사로잡으며 성장하던 퀸은 방송에서 외면을 받을 것이라는 음반사의 반대에도 불구하고 무려 6분 동안 이어지는 실험적인 곡 보헤미안 랩소디로 대성공을 거두며 월드스타 반열에 오른다. 그러나 독보적인 존재감을 뿜어내던 프레디는 솔로 데뷔라는 유혹에 흔들리게 되고, 오랜 시간 함께 해왔던 멤버들과 결별을 선언하게 되는데...",https://image.tmdb.org/t/p/w500/z0lKvIIJGzTBIa22aC0ZhxBxf23.jpg,0,드라마,,https://image.tmdb.org/t/p/w500/93xA62uLd5CwMOAs37eQ7vPc1iV.jpg
,범블비,20181225,"['헤일리 스테인펠드', '파멜라 애들론', '존 시나']",12세이상관람가,트래비스 나이트,"지속된 디셉티콘과의 전쟁에서 위기에 몰린 옵티머스 프라임은 중요한 임무를 가진 오토봇을 지구로 보낸다.  지구에 도착한 오토봇은 인간들에게 쫓기게 되고, 낡은 비틀로 변신해 폐차장에 은둔하던 중,  찰리라는 소녀에 의해 발견된다.  비틀을 수리하던 찰리는 자신의 낡은 자동차가 거대한 로봇으로 변신하는 놀라운 광경을 목격하고,  모든 기억이 사라진 그에게 ‘범블비’라는 이름을 지어주며 서로에게 특별한 존재가 되어간다.  하지만, 범블비의 정체를 파헤치려는 인간들과 그가 가진 비밀을 쫓는 디셉티콘의 추격과 압박은 점점 더 심해지는데…",https://image.tmdb.org/t/p/w500/a1XTVjEiShbX1XE6Uvaho49gw3l.jpg,0,액션,,https://image.tmdb.org/t/p/w500/wtZj5nn6hVwgakPdg6y6gm3eFXU.jpg
,언니,20190101,"['이시영', '박세완', '이준혁']",청소년관람불가,임경택,남들처럼 평범하게 살고 싶었는데… 동생이 사라졌다. “내 동생 어디로 보냈어?” 동생의 흔적에 가까워질수록 그녀의 분노는 폭발한다.,https://image.tmdb.org/t/p/w500/resWkxhn67V3EGDXz5UiYr2BuwK.jpg,0,액션,,https://image.tmdb.org/t/p/w500/fzfSBLUVNZuXmnqtFJbg7YCeuRI.jpg
,스윙키즈,20181219,"['도경수', '박혜수', '자레드 그라임스']",12세이상관람가,강형철,"새로 부임해 온 소장은 수용소의 대외적 이미지 메이킹을 위해 전쟁 포로들로 댄스단을 결성하는 프로젝트를 계획한다. 수용소 내 최고 트러블메이커 ‘로기수’(도경수), 무려 4개 국어가 가능한 무허가 통역사 ‘양판래’(박혜수), 잃어버린 아내를 찾기 위해 유명해져야 하는 사랑꾼 ‘강병삼’(오정세), 반전 댄스실력 갖춘 영양실조 춤꾼 ‘샤오팡’(김민호), 그리고 이들의 리더, 전직 브로드웨이 탭댄서 ‘잭슨’(자레드 그라임스)까지 우여곡절 끝에 한 자리에 모인 그들의 이름은 ‘스윙키즈’! 각기 다른 사연을 갖고 춤을 추게 된 그들에게 첫 데뷔 무대가 다가오지만, 국적, 언어, 이념, 춤 실력, 모든 것이 다른 오합지졸 댄스단의 앞날은 캄캄하기만 한데…!",https://image.tmdb.org/t/p/w500/yjG6G1Mn9M2ZoAW9oAav7ZxCyW8.jpg,0,드라마,,https://image.tmdb.org/t/p/w500/2KXT7FdcilJgyTZl1X2duzDvWVn.jpg
,점박이 한반도의 공룡2 : 새로운 낙원,20181225,"['박희순', '라미란', '김성균']",전체관람가,한상호,"백악기를 지배한 공룡의 제왕 ‘점박이’의 새로운 모험이 시작된다!  8천만 년 전 백악기 최후의 재난 이후,  모든 가족을 잃고 둘만 남게 된 공룡의 제왕 타르보사우르스 ‘점박이’와 그의 아들 ‘막내’  아빠 ‘점박이’와 달리 겁이 많고 소심한 ‘막내’는 다른 공룡들의 놀림감이 되기 일쑤다.  어느 날, ‘막내’가 최악의 악당 데이노니쿠스 3인방에게 붙잡혀 사라지고,  ‘점박이’는 ‘막내’의 흔적을 찾기 위해 새로운 모험을 시작한다.  그러던 중 사라진 딸을 찾는 ‘송곳니’, 넉살 좋은 초식공룡 ‘싸이’를 만나  아이들을 구하기 위해 힘을 합치기로 한 ‘점박이’는  병풍 바위와 활화산 지대, 끝이 보이지 않는 사막과 협곡을 지나는 모험 끝에  드디어 아들 ‘막내’에 대한 단서를 찾게 된다.  하지만 그들 앞에 상상을 초월하는 초강력 돌연변이 공룡이 나타나는데…  과연 ‘점박이’는 ‘막내’를 구하고 새로운 낙원에 도착할 수 있을까?  2018년 12월, 마침내 백악기 최후의 승자가 결정된다!",https://image.tmdb.org/t/p/w500/uHqgeCXnPOcVpaU56AZZwJNHZt4.jpg,0,애니메이션,,https://image.tmdb.org/t/p/w500/gUg3rm2kbnMj2fA7yPQGJ4rap6P.jpg
,그린치,20181219,['베네딕트 컴버배치'],전체관람가,스콧 모시어,"모두가 행복한 크리스마스를 참을 수 없는 그린치는 크리스마스를 훔치기 위해 산타가 되기로 결심한다. 그린치는 만능집사 맥스, 덩치만 큰 소심 루돌프 프레드와 함께 슈퍼배드한 크리스마스 훔치기 대작전에 돌입하는데…",https://image.tmdb.org/t/p/w500/clJYtRBUhDtvKhPk2HNfXouviKF.jpg,0,애니메이션,,https://image.tmdb.org/t/p/w500/juc9wt7Eh2IarLL5S1yQ1a21O1A.jpg
,극장판 짱구는 못말려: 아뵤! 쿵후 보이즈 ~라면 대란~,20181219,"['박영남', '강희선', '김환진']",전체관람가,타카하시 와타루,"짱구와 친구들이 살고 있는 떡잎마을에 있는 중국인 거리 아이야 타운. 그곳에 나타난 블랙판다 라면 사장 돈빵빵은 오직 라면을 위한, 라면에 의한 블랙판다 라면 빌딩을 세우려 한다! 블랙판다 라면을 먹고 점점 난폭해지는 사람들! 앗! 짱아도 블랙판다 라면을 먹어버렸다…!  세계의 평화를 위해 지금 필요한 건 바로 전설의 쿵후 말랑말랑권! 쿵후 소녀 란과 함께 말랑말랑권의 9가지 기술을 터득한 뒤, 중국에서 마지막 신공을 얻어야 한다! 짱구와 떡잎마을 방범대 친구들은 세계 평화를 지켜낼 수 있을까?",https://image.tmdb.org/t/p/w500/fPc793wngYwFk1pziUNAoCCBmMU.jpg,0,애니메이션,,https://image.tmdb.org/t/p/w500/oEu96CmVL9kjneOzjatLeeSZYS2.jpg
,마약왕,20181219,"['송강호', '조정석', '배두나']",청소년관람불가,우민호,"마약도 수출하면 애국이 되던 1970년대 대한민국, 하급 밀수업자였던 이두삼은 우연히 마약 밀수에 가담했다가 마약 제조와 유통 사업에 본능적으로 눈을 뜨게 되면서 사업에 뛰어든다. 뛰어난 눈썰미, 빠른 위기대처능력, 신이 내린 손재주로 단숨에 마약업을 장악한 이두삼. 사업적인 수완이 뛰어난 로비스트 김정아(배두나)가 합류하면서 그가 만든 마약은 '메이드인 코리아'라는 브랜드를 달게 된다. 마침내 이두삼은 대한민국을 넘어 아시아까지 세력을 확장하며 백색 황금의 시대를 열게 된다 한편, 마약으로 인해 세상은 점점 불안해지기 시작하고 승승장구하는 이두삼을 주시하는 한 사람 김인구(조정석)가 움직이기 시작하는데…",https://image.tmdb.org/t/p/w500/vXqDNIp7CrUpkcBc8eMBtDPch4J.jpg,0,범죄,,https://image.tmdb.org/t/p/w500/4PS3QS70Jt1WHhgYXGeogTUjl1G.jpg
,완벽한 타인,20181031,"['유해진', '조진웅', '이서진']",15세이상관람가,이재규,"우리 게임 한 번 해볼까? 다들 핸드폰 올려봐.  저녁 먹는 동안 오는 모든 걸 공유하는 거야.  전화, 문자, 카톡, 이메일 할 것 없이 싹!  오랜만의 커플 모임에서 한 명이 게임을 제안한다. 바로 각자의 핸드폰을 테이블 위에 올려두고 통화 내용부터 문자와 이메일까지 모두 공유하자고 한 것. 흔쾌히 게임을 시작하게 된 이들의 비밀이 핸드폰을 통해 들통나면서 처음 게임을 제안했던 것과는 전혀 다른 상상치 못한 결말로 흘러가는데….  상상한 모든 예측이 빗나간다!",https://image.tmdb.org/t/p/w500/9lhxidWwP7iIyw1Zax9gUtdFZXT.jpg,0,드라마,,https://image.tmdb.org/t/p/w500/61C5vbz1ni4vEvWBiPB22EGfGgF.jpg
,창궐,20181025,"['현빈', '장동건', '조우진']",15세이상관람가,김성훈,"밤에만 활동하는 산 자도 죽은 자도 아닌 ‘야귀(夜鬼)‘가 창궐한 세상, 위기의 조선으로 돌아온 왕자 ‘이청’(현빈)은 도처에 창궐한 야귀떼에 맞서 싸우는 최고의 무관 ‘박종사관’(조우진) 일행을 만나게 되고, 야귀떼를 소탕하는 그들과 의도치 않게 함께하게 된다. 한편, 조선을 집어삼키려는 절대악 ‘김자준’(장동건)은 이 세상을 뒤엎기 위한 마지막 계획을 감행하는데… 조선필생 VS 조선필망  세상을 구하려는 자와 멸망시키려는 자!  오늘 밤, 세상에 없던 혈투가 시작된다!",https://image.tmdb.org/t/p/w500/8O6pXiKCBjYWN7BSReOQDPLF0Ty.jpg,0,사극,,https://image.tmdb.org/t/p/w500/ylXU65OCcyXU3tZ00CCeTfwGFja.jpg
,해리포터와 마법사의 돌,20011213,"['다니엘 래드클리프', '엠마 왓슨', '루퍼트 그린트']",전체관람가,크리스 콜럼버스,"해리 포터(다니엘 래드클리프 분)는 위압적인 버논 숙부(리챠드 그리피스 분)와 냉담한 이모 페투니아 (피오나 쇼 분), 욕심 많고 버릇없는 사촌 더즐리(해리 멜링 분) 밑에서 갖은 구박을 견디며 계단 밑 벽장에서 생활한다. 이모네 식구들 역시 해리와의 동거가 불편하기는 마찬가지. 이모 페투니아에겐 해리가 이상한(?) 언니 부부에 관한 기억을 떠올리게 만드는 달갑지 않은 존재다. 11살 생일이 며칠 앞으로 다가왔지만 한번도 생일파티를 치르거나 제대로 된 생일선물을 받아 본 적이 없는 해리로서는 특별히 신날 것도 기대 할 것도 없다. 11살 생일을 며칠 앞둔 어느 날 해리에게 초록색 잉크로 쓰여진 한 통의 편지가 배달된다. 그 편지의 내용은 다름 아닌 해리의 11살 생일을 맞이하여 전설적인“호그와트 마법학교”에서 보낸 입학초대장이었다. 그리고 해리의 생일을 축하하러 온 거인 해그리드는 해리가 모르고 있었던 해리의 진정한 정체를 알려주는데. 그것은 바로 해리가 굉장한 능력을 지닌 마법사라는 것!",https://image.tmdb.org/t/p/w500/y1idJpIerVcF2RyESW3IaVaJQEO.jpg,0,가족,,https://image.tmdb.org/t/p/w500/hziiv14OpD73u9gAak4XDDfBKa2.jpg
,벽 속에 숨은 마법시계,20181031,"['잭 블랙', '케이트 블란쳇', '오웬 바카로']",전체관람가,일라이 로스,"부모님을 잃고 혼자가 된 ‘루이스’는 유일한 혈육인 삼촌 ‘조나단’(잭 블랙)을 찾아가고 그와 함께 살게 된다. ‘조나단’의 오랜 친구이자 이웃사촌인 ‘플로렌스’(케이트 블란쳇) 또한 ‘루이스’를 반갑게 맞아주지만 ‘루이스’는 어딘가 미스터리한 이 집에서의 생활이 두렵다. 한편, 매일 밤 무언가를 찾아 집을 돌아다니는 ‘조나단’은 자신을 수상하게 여기는 ‘루이스’에게 결국 자신과 ‘플로렌스’가 마법사임을 고백하고, 모든 것이 살아 움직이는 미스터리한 이 집에 숨겨진 비밀스러운 시계의 존재를 알려준다. 집 안을 채우는 종소리가 사라지기 전, 시계를 찾아 세상을 집어 삼키려는 저주를 풀어야만 하는 ‘조나단’과 ‘플로렌스’! 하지만 이들을 도우려던 ‘루이스’로 인해 깨어나선 안될 존재까지 눈을 뜨고 마는데...  과연 세 사람은 비밀의 시계를 찾아 위기에 빠진 세상을 구할 수 있을까?",https://image.tmdb.org/t/p/w500/9PAeOXK3J5U696ynEo7YtG9XelJ.jpg,0,판타지,,https://image.tmdb.org/t/p/w500/meyZ0ZZLLNaKIrvbmVpuXzZ11sD.jpg
,할로윈,20181031,"['제이미 리 커티스', '주디 그리어', '윌 패튼']",청소년관람불가,데이빗 고든 그린,"할로윈을 앞둔 밤, 친구의 몸을 빌린 진짜 할로윈 위치가 나타나는 이야기의 공포 영화",https://image.tmdb.org/t/p/w500/3Y2AixJFFeHMrCavmQ5lSqfzagJ.jpg,0,공포(호러),,https://image.tmdb.org/t/p/w500/QodZW5b5LMSmyqjvbzIWaDUZVH.jpg
,암수살인,20181003,"['김윤석', '주지훈', '문정희']",15세이상관람가,김태균,"“일곱, 총 일곱 명 입니다. 제가 죽인 사람들예.”  수감된 살인범 강태오(주지훈)는 형사 김형민(김윤석)에게 추가 살인을 자백한다.  형사의 직감으로 자백이 사실임을 확신하게 된 형민은, 태오가 적어준 7개의 살인 리스트를 믿고 수사에 들어간다.  “이거 못 믿으면 수사 못한다. 일단 무조건 믿고, 끝까지 의심하자.”  태오의 추가 살인은 세상에 알려지지 않은 암수사건.  형민은 태오가 거짓과 진실을 교묘히 뒤섞고 있다는 걸 알게 되지만 수사를 포기하지 않는다.  그러나 다가오는 공소시효와 부족한 증거로 인해 수사는 난항을 겪게 되는데..",https://image.tmdb.org/t/p/w500/j2DhCOOfTv3xCLELreArzea9tRJ.jpg,0,범죄,,https://image.tmdb.org/t/p/w500/9p0vq4f44SioluXmb6JhuS3Gi6t.jpg
,미쓰백,20181011,"['한지민', '김시아', '이희준']",15세이상관람가,이지원,"스스로를 지키려다 어린 나이에 전과자가 되어 외롭게 살아가던 ‘백상아’  누구도 믿지 않고 아무것도 마음에 두지 않던 어느 날, 나이에 비해 작고 깡마른 몸, 홑겹 옷을 입은 채 가혹한 현실에서 탈출하려는 아이 ‘지은’을 만나게 된다. 왠지 자신과 닮은 듯한 아이 ‘지은’을 외면할 수 없는 ‘상아’는  ‘지은’을 구하기 위해 세상과 맞서기로 결심하는데…  “이런 나라도, 같이 갈래?”",https://image.tmdb.org/t/p/w500/6Q7fM0ck44q8ptkkBF3DUUafBDA.jpg,0,드라마,,https://image.tmdb.org/t/p/w500/9peOXkdBBgrF2tXEgziMSol2EdF.jpg
,스타 이즈 본,20181009,"['브래들리 쿠퍼', '레이디 가가', '샘 엘리엇']",15세이상관람가,브래들리 쿠퍼,"노래에 놀라운 재능을 가졌지만 외모에는 자신이 없는 무명가수 앨리(레이디 가가)는 공연을 하던 바에서 우연히 술을 마시러 온 톱스타 잭슨 메인(브래들리 쿠퍼)을 만나게 된다. 앨리의 매력에 빠지게 된 잭슨은 앨리에게 자신의 삶에 대해 말해주고, 앨리는 그런 잭슨에게 즉석에서 노래를 만들어준다. 다음 날 잭슨은 자신의 공연에 앨리를 불러 관중 앞에서 노래를 부를 기회를 주고, 순식간에 앨리는 유명해진다. 잭슨의 도움으로 앨리는 자기 안의 열정을 폭발시키며 최고의 스타로 거듭나지만, 잭슨은 어린 시절의 상처와 예술가적 고뇌 속에서 점점 무너져가는데...",https://image.tmdb.org/t/p/w500/gQJm9QkcEXZBK4Pw3BUmvsDxc3D.jpg,0,드라마,,https://image.tmdb.org/t/p/w500/wqtaHWOEZ3rXDJ8c6ZZShulbo18.jpg
,폴란드로 간 아이들,20181031,"['이송', '강동완', '김나영']",전체관람가,추상미,"1951년, 한국전쟁 고아 1,500명이 비밀리에 폴란드로 보내졌다. 폴란드 선생님들은 말도 통하지 않는 아이들을 사랑으로 품었고, 아이들도 선생님을 '마마', '파파'라 부르며 새로운 가족으로 받아들인다. 그러나 8년 후, 아이들은 갑작스러운 송환 명령을 받게 되는데… 2018년, 아이들의 생사조차 알 수 없는 지금까지도 폴란드 선생님들은 아이들을 그리워하며 눈물을 흘린다. 역사 속 어디에도 기록되지 않았지만, 가슴에 남아있는 위대한 사랑의 발자취를 따라 추상미 감독과 탈북소녀 이송, 남과 북 두 여자가 함께 떠나는 특별한 여정이 시작된다!",https://image.tmdb.org/t/p/w500/Aqbv4B64VyCvNlf38Y65bHNt2lU.jpg,0,다큐멘터리,,https://image.tmdb.org/t/p/w500/Aqbv4B64VyCvNlf38Y65bHNt2lU.jp
,너의 결혼식,20180822,"['박보영', '김영광', '강기영']",12세이상관람가,이석근,"고3 여름, 전학생 ‘승희’(박보영)를 보고 첫눈에 반한 ‘우연’(김영광). 승희를 졸졸 쫓아다닌 끝에 마침내 공식커플로 거듭나려던 그때! 잘 지내라는 전화 한 통만 남긴 채 승희는 사라져버리고, 우연의 첫사랑은 그렇게 막을 내리는 듯했다. 1년 뒤, 승희의 흔적을 쫓아 끈질긴 노력으로 같은 대학에 합격한 우연. 그런데 그의 앞을 가로막은 건… 다름 아닌 그녀의 남.자.친.구!",https://image.tmdb.org/t/p/w500/oOzH5nyyHMMDlwOAupnn4itIgCL.jpg,0,멜로/로맨스,,https://image.tmdb.org/t/p/w500/kQVYVRF9OAJOTJNniyC7SAavWHW.jpg
,서치,20180829,"['존 조', '데브라 메싱']",12세이상관람가,아니쉬 차간티,"목요일 저녁, 딸 마고에게 걸려온 부재중 전화 3통. 아빠 데이빗은 그 후 연락이 닿지 않는 딸이 실종됐음을 알게된다. 경찰의 조사는 본격적으로 시작되지만 결정적인 단서들이 나오지 않는 가운데, 실종된 날 밤 마고가 향하던 곳이 밝혀지며 새로운 사실들이 발견된다. 사건의 실마리를 찾은 곳은 다름 아닌 딸 마고의 노트북! 구글, 유튜브, 페이스북 등 SNS에서 상상조차하지 못한 딸의 진실이 펼쳐지는데…",https://image.tmdb.org/t/p/w500/7TgR6Ipwnvu8AjxAm2gPpaqediA.jpg,0,드라마,,https://image.tmdb.org/t/p/w500/ceIrH4VVtXz4NZwnC0iw32QCD6A.jpg
,상류사회,20180829,"['신현숙', '박해일', '수애']",청소년관람불가,변혁,"학생들에게 인기와 존경을 동시에 받는 경제학 교수 ‘태준’(박해일)은 우연한 기회를 통해 촉망받는 정치 신인으로 국회의원 선거에 출마하게 된다. 한편 그의 아내이자 미래미술관의 부관장 ‘수연’(수애)은 재개관전을 통해 관장 자리에 오르려 한다. 그러나 ‘수연’의 미술품 거래와 ‘태준’의 선거 출마 뒤에 미래그룹과 민국당의 어두운 거래가 있었다는 것이 밝혀지고 두 사람은 완벽한 상류사회 입성을 눈앞에 두고 위기에 처한다. 이 기회를 절대 놓칠 수 없는 ‘태준’과 ‘수연’ 부부는 민국당과 미래그룹에게 새로운 거래를 제안하게 되는데... 가장 아름답지만 가장 추악한 곳, 그곳으로 들어간다!",https://image.tmdb.org/t/p/w500/zJiLAOm3aKZJ2dGGU0YkFoz07QH.jpg,0,드라마,,https://image.tmdb.org/t/p/w500/jHrMfDXIvK73n239R2hAGRTFN0R.jpg
,신과함께-인과 연,20180801,"['하정우', '주지훈', '김향기']",12세이상관람가,김용화,"천 년 동안 48명의 망자를 환생시킨 저승 삼차사, 한 명만 더 환생시키면 그들도 새로운 삶을 얻을 수 있다. 하지만 강림(하정우)은 원귀였던 수홍(김동욱)을 자신들의 마지막 귀인으로 정한다. 저승법 상 원귀는 소멸되어야하나 염라대왕(이정재)은 새로운 조건을 내걸며 강림의 제안을 수락한다. 염라의 조건은 성주신(마동석)이 버티고 있어 저승 차사들이 가는 족족 실패하는 허춘삼 노인을 수홍의 재판이 끝나기 전까지 저승으로 데려오는 것.  허춘삼을 데리러 이승으로 내려간 해원맥(주지훈)과 덕춘(김향기), 하지만 성주신의 막강한 힘 앞에 속수무책으로 당하기만 하는데...",https://image.tmdb.org/t/p/w500/2ETx0U2Q5gUHtPJZiQ3hakTqyaR.jpg,0,판타지,,https://image.tmdb.org/t/p/w500/ul4WiN9EJxsMokdg7z4Y6iisvHS.jpg
,목격자,20180815,"['이성민', '김상호', '진경']",15세이상관람가,조규장,"“살려주세요!”  모두가 잠든 새벽, 비명소리를 듣고  베란다에 나간 ‘상훈’(이성민)은 살인사건을 목격하게 된다.  신고를 하려던 순간, 손가락을 까딱거리며  자신의 아파트 층수를 세는 범인 ‘태호’(곽시양)와 눈이 마주치게 되는데…",https://image.tmdb.org/t/p/w500/g19rot2PyNKuldAD1IrMic1lYua.jpg,0,스릴러,,https://image.tmdb.org/t/p/w500/wU57MNkOTtCvLgEfJzTUIGFdvbc.jpg
,맘마미아!2,20180808,"['아만다 사이프리드', '릴리 제임스', '메릴 스트립']",12세이상관람가,올 파커,"스카이(도미닉 쿠퍼)와의 행복한 여행이 끝나고, 마침내 그리스 칼로카이리 섬으로 돌아온 소피(아만다 사이프리드). 그녀는 엄마 도나(메릴 스트립)가 운영하던 호텔의 재개장을 준비하며 홀로서기를 결심한다.  소피를 도와주기 위해 찾아온 도나의 오랜 친구 타냐와 로지, 그리고 그녀의 사랑스러운 세 아빠들(?) 샘, 해리, 빌까지! 소피는 이들과 소중한 시간을 함께 보내며, 한 번도 들은 적 없던 도나의 찬란했던 20대 추억을 들여다보게 된다. 그리고 그들 앞에 뜻밖의 손님, 할머니 루비 셰리던(셰어)이 찾아오고, 영원히 잊지 못할 한여름 밤의 파티가 시작되는데...",https://image.tmdb.org/t/p/w500/Uta7yiLROAKSTD0La9nX2U1lPC.jpg,0,뮤지컬,,https://image.tmdb.org/t/p/w500/8HKwxHZ23sW8wz4yb28IWnAM1M6.jpg
,공작,20180808,"['황정민', '이성민', '조진웅']",12세이상관람가,윤종빈,"1993년, 북한 핵 개발을 둘러싸고 한반도의 위기가 고조된다. 정보사 소령 출신으로 안기부에 스카우트된 박석영(황정민)은 ‘흑금성’이라는 암호명으로 북핵의 실체를 캐기 위해 북의 고위층 내부로 잠입하라는 지령을 받는다. 안기부 해외실장 최학성(조진웅)과 대통령 외에는 가족조차도 그의 실체를 모르는 가운데 대북사업가로 위장해 베이징 주재 북 고위간부 리명운(이성민)에게 접근한 흑금성. 그는 수 년에 걸친 공작 끝에, 리명운과 두터운 신의를 쌓고 그를 통해서, 북한 권력층의 신뢰를 얻는데 성공한다. 그러나, 1997년. 남의 대선 직전에 흑금성은 남과 북의 수뇌부 사이 은밀한 거래를 감지한다. 조국을 위해 굳은 신념으로 모든 것을 걸고 공작을 수행했던 그는 걷잡을 수 없는 갈등에 휩싸이는데…",https://image.tmdb.org/t/p/w500/my7dYmjxSYQYk95uiOpMcA61nwf.jpg,0,드라마,,https://image.tmdb.org/t/p/w500/oRb0h5FNFsDGmDcSHYGI7ax02NP.jpg
,몬스터 호텔 3,20180808,"['아담 샌들러', '셀레나 고메즈', '앤디 샘버그']",전체관람가,젠디 타타코브스키,"평생 몬스터 호텔을 지키며  단 하루도 쉴 틈이 없었던 몬스터 호텔 주인 드라큘라 ‘드락’.  아빠의 생애 첫 휴가를 위해 딸 ‘마비스’는 일생일대 크루즈 가족 여행을 계획하고,  여름을 맞이한 몬스터 호텔 가족들은 인간 세상으로 생애 첫 바캉스를 떠난다.  시작부터 좌충우돌인 바캉스에서 ‘드락’은 미모의 크루즈 선장 ‘에리카’에게 첫눈에 반하고,  급기야 그녀의 무시무시한 비밀이 밝혀지면서 완벽했던 몬스터 호텔 가족들의 휴가는 오싹한 악몽으로 뒤바뀌는데! 그래서 진짜 휴가는 언제 가는 거죠?",https://image.tmdb.org/t/p/w500/fApc0FxnqDM7IJiXcB1DmJus8o7.jpg,0,애니메이션,,https://image.tmdb.org/t/p/w500/m03jul0YdVEOFXEQVUv6pOVQYGL.jpg
,나를 차버린 스파이,20180822,"['밀라 쿠니스', '케이트 맥키넌']",15세이상관람가,수잔나 포겔,"생일날 문자 이별 통보도 모자라 엿 같은 미션을 남기고 떠난 CIA 구남친 덕에 오드리(밀라 쿠니스)와 절친 모건(케이트 맥키넌)은 국제적인 범죄에 연루된다. 얼떨결에 스파이가 되어버린 이들이 유럽 전역을 누비는 가운데, 정체를 알 수 없는 영국 요원들이 접근하고 최정예 킬러까지 따라붙으며 두 절친의 입담과 액션이 터지기 시작하는데… 올여름, 이들의 근본 없는 액션이 당신을 깨운다!​",https://image.tmdb.org/t/p/w500/pxBnrckggmykE56de7dqfNEHos2.jpg,0,액션,,https://image.tmdb.org/t/p/w500/3Ptt97kQLuJS37zwA4lkJAkr02m.jpg
,그래비티,20131017,"['산드라 블록', '조지 클루니']",12세이상관람가,알폰소 쿠아론,,https://image.tmdb.org/t/p/w500/w4r2IqY7AjvN8a2OWV0nB5S7jwg.jpg,0,SF,,https://image.tmdb.org/t/p/w500/i22kp2oSppjJCVAfVUkgBraFETS.jpg
,마녀,20180627,"['김다미', '조민수', '박희순']",15세이상관람가,박훈정,"10년 전 의문의 사고가 일어난 시설에서 홀로 탈출한 후 모든 기억을 잃은 ‘자윤’.  나이도, 이름도 모르는 자신을 거두고 키워준 노부부의 보살핌으로  씩씩하고 밝은 여고생으로 자라났다. 어려운 집안사정을 돕기 위해 상금이 걸린 오디션 프로그램에 출연한 자윤, 방송이 나간 직후부터 의문의 인물들이 그녀 앞에 나타난다. 자윤의 주변을 맴돌며 날카롭게 지켜보는 남자 ‘귀공자’, 그리고 과거 사고가 일어난 시점부터 사라진 아이를 찾던 ‘닥터 백’과 ‘미스터 최’까지 자신은 전혀 기억하지 못하는 그들의 등장으로, 자윤은 혼란에 휩싸이게 되는데...!",https://image.tmdb.org/t/p/w500/979reU4oeyHuqQn8D8zHrmUUq6P.jpg,0,미스터리,,https://image.tmdb.org/t/p/w500/rQ7hQ0fXhg6fZAXlRbIvou1QuMX.jpg
,탐정: 리턴즈,20180613,"['권상우', '성동일', '이광수']",15세이상관람가,이언희,"역대급 미제사건을 해결한 추리 콤비, 셜록 덕후 만화방 주인 ‘강대만’(권상우)과 광역수사대 레전드 형사 ‘노태수’(성동일)! 드디어 대한민국 최초 탐정사무소를 개업하고, 전직 사이버 수사대 에이스 ‘여치’(이광수)까지 영입하며 탐정으로서의 첫 발을 내딛는다.  하지만 꿈과 현실은 다른 법! 기다리는 사건 대신 파리만 날리고, 생활비 압박에 결국 경찰서까지 찾아가 몰래 영업을 뛰기 시작한다.  드디어 기다림 끝에 찾아온 첫 의뢰인. 게다가 성공보수는 무려 5천만원! 자신만만하게 사건을 받아 든 세 사람은 파헤칠수록 꼬리에 꼬리를 무는 의심스러운 증거들로 혼란에 빠지기 시작하는데…",https://image.tmdb.org/t/p/w500/b5KVtP7dLeQoEM5iMjs4Iib18Eb.jpg,0,코미디,,https://image.tmdb.org/t/p/w500/1kzsu5rW3xt4K96hXyooWAxBeVD.jpg
,쥬라기 월드: 폴른 킹덤,20180606,"['크리스 프랫', '브라이스 달라스 하워드', '제프 골드블럼']",12세이상관람가,후안 안토니오 바요나,"지상 최대의 테마파크 쥬라기 월드가 폐쇄된 지 3년 후.  이슬라 누블라의 활화산 시보산이 분화하려는 조짐을 보이자 조짐에 뉴스에서는 이와 더불어 공룡들의 보호에 관련된 시위나 소식들을 보도한다. 오웬(크리스 프렛)과 클레어(브라이스 달라스 하워드)는 벤자민 록우드(제임스 크롬웰)의 부탁으로 공룡들의 멸종을 막기 위해 이슬라 누블라 섬으로 떠난다. 한편 진화된 공룡들을 이용하려는 세력의 거대한 음모가 드러나고, 절대 지상에 존재해선 안될 위협적 공룡들이 마침내 세상 밖으로 등장하게 되는데...",https://image.tmdb.org/t/p/w500/ag1HBETIXBTDk6XxhlljuT3KIjy.jpg,0,액션,,https://image.tmdb.org/t/p/w500/3s9O5af2xWKWR5JzP2iJZpZeQQg.jpg
,허스토리,20180627,"['김희애', '김해숙', '예수정']",12세이상관람가,민규동,"1992~1998 6년의 기간, 23번의 재판, 10명의 원고단, 13명의 변호인!  시모노세키와 부산을 오가며 일본 재판부에 당당하게 맞선 할머니들과  그들을 위해 함께 싸웠던 사람들의 뜨거운 이야기가 시작된다!",https://image.tmdb.org/t/p/w500/tu2CF9DuAEE7V9hK0s6NPKbm6uv.jpg,0,드라마,,https://image.tmdb.org/t/p/w500/umjwd0vRZcQJ9Uzm7BMAT6bhZJ7.jpg
,오션스8,20180613,"['산드라 블록', '케이트 블란쳇', '앤 해서웨이']",12세이상관람가,게리 로스,"전 애인의 배신으로 5년간 감옥에서 썩은 데비 오션(산드라 블록)은 가석방되자마자  믿음직한 동료 루(케이트 블란쳇)와 함께 새로운 작전을 계획한다. 그들의 목표는 바로 뉴욕 메트로폴리탄 박물관에서 열리는 미국 최대 패션 행사인  메트 갈라에 참석하는 톱스타 다프네(앤 해서웨이)의 목에 걸린 1천 5백억 원의 다이아몬드 목걸이, 투생을 훔치는 것. 패션 디자이너 로즈 바일(헬레나 본햄 카터)부터 보석 전문가 아미타(민디 캘링), 소매치기 콘스탄스(아콰피나)와 해커 나인 볼(리한나)까지, 전격 결성된 각 분야 전문가들이 마침내 실행에 나서는데...",https://image.tmdb.org/t/p/w500/mbE7RoCiFLljulqOhYSlkrnt5b0.jpg,0,액션,,https://image.tmdb.org/t/p/w500/6vea77yJv3jMEUzh1crnuFitKDz.jpg
,시카리오: 데이 오브 솔다도,20180627,"['조슈 브롤린', '베니치오 델 토로', '이사벨라 모너']",15세이상관람가,스테파노 솔리마,멕시코 마약 카르텔이 마약 대신 새로운 사업 모델인 불법 밀입국에 집중하면서 또 다른 문제가 불거진다. 불법 밀입국자들 속에 테러리스트들이 섞여 들어와서 폭탄 테러를 자행하자 미국은 전면전을 개시한다. 명령을 하달받은 CIA 작전 책임자 맷(조시 브롤린)은 알레한드로(베니치오 델 토로)와 함께 마약 카르텔끼리 전쟁을 붙이고자 한다. 가족의 복수를 위해 다시 칼을 빼든 알레한드로는 카르텔 보스 레예스의 딸 이사벨라(이사벨라 모너)를 납치해 경쟁 카르텔 한복판에 떨어뜨리려 하지만 작전이 꼬이면서 위기에 처한다.,https://image.tmdb.org/t/p/w500/wLRW5G2WbXYrZiy2Q89eAVAOCli.jpg,0,액션,,https://image.tmdb.org/t/p/w500/tnwMCH4yLBY4qpe6Nr4n66u4U3f.jpg
,빅샤크: 매직체인지,20180627,"['이제인', '장병관', '김사라']",전체관람가,헤 질리,"깊고 깊은 바닷속 신비의 해저 왕국. 평화롭던 바다왕국은 하루아침에 뒤죽박죽 마법에 걸려 위험에 빠지는데...  꼬마로 변한 아빠 빅샤크와 아기상어 메이는 수달 보보, 문어 핑키, 소라게 하부 등 바닷속 친구들과 함께,
 마법의 주문을 풀고 바다왕국을 원래대로 되돌려 놓기 위해 바다 끝, 머나먼 미지의 세계로 짜릿하고 신비한 모험을 시작한다.",https://image.tmdb.org/t/p/w500/rDP57NcO9WlrSbEcXcbWxNc6wnu.jpg,0,애니메이션,,https://image.tmdb.org/t/p/w500/jJL4AMhbmodNBq9a24CuJwNBR6V.jpg
,미드나잇 선,20180621,"['벨라 손', '패트릭 슈왈제네거', '롭 리글']",12세이상관람가,스콧 스피어,"XP(색소성건피증)라는 희귀병으로 태양을 피해야만 하는 케이티. 오직 밤에만 외출이 허락된 그녀에게는 어머니가 남겨준 기타와 창문 너머로 10년째 짝사랑해온 ‘찰리’가 세상의 빛이다. 어느 날 작은 기차역에서 한밤의 버스킹을 하던 ‘케이티’의 앞에 ‘찰리’가 나타나고, 두 사람은 매일 밤마다 모두가 부러워하는 완벽한 데이트를 이어간다.  처음으로 함께 여행을 떠난 날, 꿈 같은 시간을 보내던 ‘케이티’는 그만 지켜야만 하는 규칙을 어기게 되고 결국 피할 수 없는 선택을 해야만 하는데… 너에게 하고 싶은 진짜 사랑 고백, 태양이 뜬 뒤에도 내 곁에 있어줄래?",https://image.tmdb.org/t/p/w500/ctKbrFSRtm2mM5Hf25rkRD1UZjS.jpg,0,멜로/로맨스,,https://image.tmdb.org/t/p/w500/9T8sj5io4SGCBTHsk5H8LGcfKVe.jpg
,독전,20180522,"['조진웅', '류준열', '김주혁']",15세이상관람가,이해영,"아시아 최대 마약 조직 산하에 있는 마약 제조 공장에서 의문의 폭발 사고가 발생한다. 목숨을 잃을 뻔했던 조직의 후견인 연옥(김성령)은 배신감을 느끼고, 조직의 수장 이 선생을 오랫동안 쫓아왔던 형사 원호(조진웅)를 직접 찾아가 중요한 정보를 흘린다. 유일한 생존자였던 락(류준열)은 조직으로부터 버림받은 후 원호의 수사에 적극적으로 협조하기로 한다. 두 사람은 이 선생과 거래를 할 예정이었던 진하림(김주혁)과 헌신적인 조직원 선창(박해준) 사이를 오가며 이 선생의 실체에 조금씩 다가간다. 그리고 원호와 락 앞에 거물급 조직 인사 브라이언(차승원)이 모습을 드러낸다.",https://image.tmdb.org/t/p/w500/dOVLy8K0hBFsxW2whcuTDPWrdlZ.jpg,0,범죄,,https://image.tmdb.org/t/p/w500/fGELBQlFYl6agW3m6TOue0Ir4NQ.jpg
,명탐정 코난: 순흑의 악몽,20160803,[],12세이상관람가,시즈노 코분,"경찰에 잠입한 누군가에 의해 유출된 N.O.C리스트.  그리고 전 세계 스파이들이 연이어 제거되는 사건이 발생한다.  한편, 코난과 친구들은 새로 개장한 수족관에서 우연히 의문의 여인과 마주친다.  두 눈의 색이 다른 ‘오드아이’인 그녀는 상처투성이인 온 몸에, 자신의 이름도 기억하지 못하는 상태.  그녀가 잃어버린 기억을 되찾을 수 있게 도와 주던 코난은 심상치 않은 기운을 느끼고,  FBI, 경찰, CIA가 모두 그녀를 쫓고 있음을 알게 된다.  여기에 베일에 싸여 있는 검은 조직마저도 정체를 드러내고 그 여인을 쫓는데…  잃어버린 기억 속 숨겨진 비밀을 찾아, 그들이 움직인다!",https://image.tmdb.org/t/p/w500/slx6P9DzmQ6i7rNvr40MQgKbyP9.jpg,0,애니메이션,,https://image.tmdb.org/t/p/w500/1UJGs4tqlmNkJy5CcW1VKwj8l8k.jpg
,어벤져스: 인피니티 워,20180425,"['로버트 다우니 주니어', '조슈 브롤린', '마크 러팔로']",12세이상관람가,안소니 루소,"타노스(조시 브롤린)는 6개의 인피니티 스톤을 획득해 신으로 군림하려 한다. 그것은 곧 인류의 절반을 학살해 우주의 균형을 맞추겠다는 뜻. 타노스는 닥터 스트레인지(베네딕트 컴버배치)가 소유한 타임 스톤, 비전(폴 베타니)의 이마에 박혀 있는 마인드 스톤을 차지하기 위해 지구를 침략한다. 아이언맨(로버트 다우니 주니어)과 스파이더맨(톰 홀랜드)은 가디언즈 오브 갤럭시의 멤버들과 타노스를 상대한다. 지구에선 캡틴 아메리카(크리스 에반스), 완다(엘리자베스 올슨), 블랙 위도우(스칼렛 요한슨), 블랙 팬서(채드윅 보스먼) 등이 비전을 지키기 위해 뭉친다.",https://image.tmdb.org/t/p/w500/kmP6viwzcEkZeoi1LaVcQemcvZh.jpg,0,액션,,https://image.tmdb.org/t/p/w500/bOGkgRGdhrBYJSLpXaxhXVstddV.jpg
,챔피언,20180501,"['마동석', '권율', '한예리']",12세이상관람가,김용완,"미국 로스엔젤레스, 한 때 팔씨름 세계 챔피언을 꿈꿨지만 지금은 클럽에서 일하는 ‘마크’(마동석)는 자칭 최고의 스포츠 에이전트 ‘진기’(권율)의 설득에 한국으로 돌아온다. 멈췄던 팔뚝이 다시 뛰기 시작한 ‘마크’.  '진기'에게서 귀국 선물(?)로 받은 오래 전 헤어진 엄마 주소를 찾아가지만  그곳엔 엄마 대신 본 적 없는 여동생 ‘수진’(한예리)과  두 아이 ‘쭌쭌남매’가 떡하니 살고 있는데…",https://image.tmdb.org/t/p/w500/lDhTfKfhLyfoYpdoN0WvMthgeus.jpg,0,드라마,,https://image.tmdb.org/t/p/w500/zZD3xGjeaa7oIcrJMFicIeot4Ur.jpg
,"그날, 바다",20180412,"['정우성', '이주용', '장동원']",15세이상관람가,김지영,"2014년 4월 16일, 세월호가 침몰했다. 8시 30분경과 8시 50분경으로 사고 발생 시간에 대한 진술은 엇갈리고,  세월호의 항로를 기록한 데이터는 각기 다르게 기록되거나 사라졌다.  과학적인 분석과 자료 수집, 4년간의 치밀한 조사로 오직 팩트로만 아직 아무것도 밝혀지지 않은 그날을 추적한다.  잊을 수 없는 '그날', 모든 걸 알고 있는 '바다'  증거에 증거로 답해야 할 것이다!",https://image.tmdb.org/t/p/w500/csKNq4nLiSnI8lKFpxLjdybU1Yn.jpg,0,다큐멘터리,,https://image.tmdb.org/t/p/w500/kRRsb6uINFarpJnRHatZsCihoHA.jpg
,레오나르도 다 빈치,20180426,"['김명준', '사문영', '이경태']",전체관람가,세르지오 맨피오,"상상력, 발명, 그림, 모험심 어느 하나 빠질 것 없는 천재 소년 ‘레오나르도 다 빈치’! 세상에 없는 기발한 발명품을 만들어 친구들에게 자랑하는 것이 즐거움인 레오는 어느 날, 보물을 가득 담은 해적선이 바다에 침몰했다는 소식을 듣는다~  우리가 가만 있을 순 없지! 레오와 친구들은 보물을 찾기 위해 무시무시한 해적들이 기다리고 있는 몬테크리스토섬으로 떠난다!  꿈꾸면 이루어진다! 바다 속에 풍덩~ 빠져버린 보물을 찾기 위한 천재 발명왕 레오나르도와 친구들의 짜릿한 모험이 시작된다!",https://image.tmdb.org/t/p/w500/u2mYrzvRVEIPDzxPnJGPN5BukeQ.jpg,0,애니메이션,,https://image.tmdb.org/t/p/w500/6FBrQu7lVMB0lvq31PE5Rc57Rqs.jpg
,아기곰 보보 구출 대작전,20180425,[],전체관람가,라스무스 A. 실버르센,"작은 생쥐 앤디, 레미, 다람쥐 아저씨, 빵집 토끼 아저씨 등은 모두 신비한 숲 허키버키에 사는 작은 동물 친구들. 하지만 작은 동물 친구들은 큰 동물 여우 마빈을 무서워해 숲 속 동물들 모두 친구가 되는 방법을 생각해 낸다. 더 살기 좋아진 숲 속. 어느 날, 숲에서 가장 귀여운 아기곰 보보가 사라지는 사건이 발생하고 작은 동물 친구들과 큰 동물 친구들은 모두 힘을 합쳐 구출 대작전에 나서는데…",https://image.tmdb.org/t/p/w500/eftzXlFNcF2CG2sSR811taIFJ6k.jpg,0,애니메이션,,https://image.tmdb.org/t/p/w500/5AYBuRz5K1exO6TWE6eQehstEIO.jpg
,당갈,20180425,"['아미르 칸', '파티마 사나 셰이크', '산야 말호트라']",12세이상관람가,니테쉬 티와리,"전직 레슬링 선수였던 ‘마하비르 싱 포갓(아미르 칸)’은 아버지의 반대로 금메달의 꿈을 이루지 못한 채 레슬링을 포기한다. 아들을 통해 꿈을 이루겠다는 생각은 내리 딸만 넷이 태어나면서 좌절된다. 그러던 어느 날, 두 딸이 또래 남자아이들을 신나게 때린 모습에서 잠재력을 발견하고 레슬링 특훈에 돌입한다. 사람들의 따가운 시선과 조롱에도 불구하고 첫째 기타(파티마 사나이 샤크)와 둘째 바비타(삼아 말호 트라)는 아버지의 훈련 속에 재능을 발휘, 승승장구 승리를 거두며 국가대표 레슬러로까지 성장해 마침내 국제대회에 출전한다.하지만 세계의 벽은 높기만 하고 끝없이 이어지는 슬럼프로 연이은 패배만 이어지는데…
 인도를 넘어 전 세계적으로 흥행 기록을 이어가고 있는 당갈은 레슬링을 가리키는 힌디어다. 딸을 레슬링 선수로 키워낸 한 남자의 실화를 바탕으로 아미르 칸이 제작에 참여했으며, 엄격하지만 부성이 넘치는 아빠로 출연해 흥행 신화를 기록한 올해 최고의 화제작.",https://image.tmdb.org/t/p/w500/dbNNILqPSMWwM0cVYnX97RYVd7h.jpg,0,액션,,https://image.tmdb.org/t/p/w500/mFCEeEjRfU2WU9vv5ApXJLzKxy7.jpg
,램페이지,20180412,"['드웨인 존슨', '제프리 딘 모건', '나오미 해리스']",12세이상관람가,브래드 페이튼,"대학에 진학하지 않고 부모님과 함께 생활하는 ‘빌’은 독립하라는 부모님의 권유에도 아랑곳 하지 않는다. 지속적으로 독립을 권유하는 부모, ‘빌’의 요구를 들어주지 않고 고집만 부리는 카페 직원, 직장 상사의 불만과 허풍에 가득 찬 친구 ‘에반’까지… 이런 자극들이 ‘빌’의 분노를 폭발시키게 된다.  어느 날, ‘빌’은 대학을 진학하겠다며 부모님에게 한없이 자랑스러운 아들의 모습을 보여 준 뒤, 그 누구도 상상하지도 못할 만큼 끔찍한 일을 벌이고야 마는데…  충격의 총기난사 사건!  그 끝을 확인하라!",https://image.tmdb.org/t/p/w500/dfoIkfJujlls321n5QO2qd4dOit.jpg,0,액션,,https://image.tmdb.org/t/p/w500/hhbRfecY2qrqhSNuLtMgASAkRPT.jpg
,살인소설,20180425,"['지현우', '오만석', '이나라']",15세이상관람가,김진묵,"소설은 그렇게 시작됐다!  지방선거에 나설 집권여당 시장 후보로 지명되며 인생 최고의 순간을 맞은 ‘경석’(오만석). 유력 정치인인 장인의 비자금을 숨기러 애인 ‘지영’(이은우)과 함께 별장에 들렸다가 수상한 청년 ‘순태’(지현우)를 만나고, 작은 거짓말로 시작된 사건은 예상을 벗어나 점점 커져만 간다.  더러운 돈, 스캔들, 살인사건, 한 권의 소설, 서서히 밝혀지는 그들의 과거! 경석과 순태 일행의 호수 별장에서의 하룻밤은 누군가 미리 설계한 함정인 듯 위태롭게 전개되는데..",https://image.tmdb.org/t/p/w500/rHRokpLTq6Q3FoAuLnMqF16496P.jpg,0,스릴러,,https://image.tmdb.org/t/p/w500/a2OfhNZAWKVbvxsx1XzoVz9TcK6.jpg
,콰이어트 플레이스,20180412,"['에밀리 블런트', '존 크랜신스키', '노아 주프']",15세이상관람가,존 크랜신스키,고립된 집에 한 가족이 산다. 이들은 극도로 조용한 습관 속에서 살아간다. 아주 작은 소리라도 나면'그것'들이 공격하기 때문이다. 실제 부부인 존 크래신스키 감독과 아내 에밀리 블런트가 그대로 부부로 출연한다.,https://image.tmdb.org/t/p/w500/vdiR7qc7cWxXD0pT8BZJ35DDB0B.jpg,0,공포(호러),,https://image.tmdb.org/t/p/w500/roYyPiQDQKmIKUEhO912693tSja.jpg
,콜 미 바이 유어 네임,20180322,"['티모시 샬라메', '아미 해머', '마이클 스털버그']",청소년관람불가,루카 구아다니노,"17살 소년 엘리오(티모시 샬라메)의 가족은 매년 여름 손님을 받는다. 엘리오의 아버지 펄먼 교수(마이클 스털버그)의 일을 돕는 보조 연구원은 6주 동안 이곳에 머물며 사람들과 어울리고 자유로운 식사, 일광욕과 수영을 즐긴다. 올해 집을 찾은 24살 올리버(아미 해머)는 모든 사람이 호감을 갖는 사람이다. 하지만 엘리오의 감정은 좀더 특별하다. 처음 보는 순간부터 그를 의식했고, 그 실체가 동성에게 품은 사랑임을 깨달은 후에는 적대감을 갖고 있는 것처럼 군다. 하지만 엘리오가 자신의 진짜 속내를 내비친 후 두 사람은 서로의 마음이 같다는 것을 알게 된다.",https://image.tmdb.org/t/p/w500/z1wsD5TvfjKbTGt37utj6np8qAY.jpg,0,드라마,,https://image.tmdb.org/t/p/w500/8ndqvvwDVe9oDUQF1Jt6NCjAn7z.jpg
,궁합,20180228,"['심은경', '이승기', '김상경']",12세이상관람가,홍창표,"“세상의 모든 인연에는 궁합이 있다!”  관상은 잘 보았소? 이제 궁합을 봐드리지!  극심한 흉년이 지속되던 조선시대,  송화옹주(심은경)의 혼사만이 가뭄을 해소할 것이라 믿는 왕(김상경)은 대대적인 부마 간택을 실시하고,  조선 최고의 역술가 서도윤(이승기)은 부마 후보들과 송화옹주의 궁합풀이를 맡게 된다.  사나운 팔자로 소문나 과거 혼담을 거절당한 이력의 송화옹주는 얼굴도 모르는 사람을 남편으로 맞이할 수 없다고 판단하고  부마 후보들의 사주단자를 훔쳐 궐 밖으로 나가 후보들을 차례로 염탐하기 시작한다.  송화옹주가 사주단자를 훔친 궁녀라고 오해한 서도윤은 사주단자를 되찾기 위해 그녀의 여정에 함께 하게 되는데..  야심찬 능력남 윤시경(연우진), 경국지색의 절세미남 강휘(강민혁), 효심 지극한 매너남 남치호(최우식)에 대세 연하남까지!  조선의 팔자를 바꿀 최고의 합(合)을 찾아라!",https://image.tmdb.org/t/p/w500/wexpRl7NdxT9oBsFjmP80nbOhgg.jpg,0,코미디,,https://image.tmdb.org/t/p/w500/6ai9C5PiyiuDhHTMOOhDZf2QPNq.jpg
,리틀 포레스트,20180228,"['김태리', '류준열', '문소리']",전체관람가,임순례,"시험, 연애, 취업...뭐하나 뜻대로 되지 않는 일상을 잠시 멈추고 고향으로 돌아온 혜원은 오랜 친구인 재하와 은숙을 만난다. 남들과는 다른, 자신만의 삶을 살기 위해 고향으로 돌아온 ‘재하’,  평범한 일상에서의 일탈을 꿈꾸는 ‘은숙’과 함께 직접 키운 농작물로 한끼 한끼를 만들어 먹으며  겨울에서 봄, 그리고 여름, 가을을 보내고 다시 겨울을 맞이하게 된 혜원. 그렇게 특별한 사계절을 보내며 고향으로 돌아온 진짜 이유를 깨닫게 된 혜원은  새로운 봄을 맞이하기 위한 첫 발을 내딛는데…",https://image.tmdb.org/t/p/w500/8GGFOcaDbwSc7g34pz8FEt6vXAg.jpg,0,드라마,,https://image.tmdb.org/t/p/w500/vTw1MjLJfCFzFdq5iElKpjI0LIV.jpg
,블랙 팬서,20180214,"['채드윅 보스만', '마이클 B. 조던', '루피타 뇽']",12세이상관람가,라이언 쿠글러,"유엔 폭탄 테러로 아버지를 잃은 와칸다의 왕자 티찰라는 시빌 워 이후 고국 와칸다로 돌아가 왕좌에 오른다. 와칸다의 새로운 지도자 블랙팬서가 된 그는 옛 연인이자 와칸다의 스파이 나키아, 호위 무사 오코예와 함께 최강 희귀 금속 비브라늄 폭탄 거래가 이뤄지는 부산을 찾는다. 폭탄 거래의 배후에 있는 인물은 와칸다와 묘종의 연이 있는 정체불명의 남자, 에릭 킬몽거. 그는 놀라운 위력으로 티찰라를 제압하고 와칸다의 새로운 왕이 되려 하고, 이에 블랙 팬서는 피할 수 없는 전쟁에 나서는데...",https://image.tmdb.org/t/p/w500/iRkknrX0rRxZHSL79W2Rax0EFsL.jpg,0,액션,,https://image.tmdb.org/t/p/w500/nDHdw1MJqAC3RcJvAW2Bl2sFWWE.jpg
,월요일이 사라졌다,20180222,"['누미 라파스', '글렌 클로즈', '윌렘 데포']",15세이상관람가,토미 위르콜라,"각 요일별로 이름이 지어진 아이는 산아 제한법을 성장하는 법을 배웠고, 30년이 지난 지금도 각자의 이름에 맞는 요일에 외출하는 것이 가족의 규칙이 된다. 그러던 어느 날, 월요일이 되어 Monday(누미 라파스)가 출근 후 돌아���지 않는 일이 생기고, 나머지 아이들은 Monday가 감시판에 걸린 것이 아닐까 걱정을 하게 된다. 결국 화요일이 되어 Tuesday가 사태를 알아보기 위해 Monday의 행방을 쫓던 중 또다시 사라지게 되고, 남은 아이들은 이번일의 배후에 뭔가가 있다는 것을 알게된다.  그러다 아이들이 살고 있는 집에 들이닥친 괴한들. 그리고 또다시 희생되는 아이들. 과연 월요일에는 무슨일 일어났던 것일까?",https://image.tmdb.org/t/p/w500/24UjiNicLPcUCn8lvPbyITSiglA.jpg,0,액션,,https://image.tmdb.org/t/p/w500/wwZ2uXOwPkMrZSeFn9s7WFXEMg6.jpg
,나미야 잡화점의 기적,20180228,"['니시다 토시유키', '야마다 료스케']",전체관람가,히로키 류이치,"어느 날 몸을 피해 잡화점에 숨어 들어온 3인조 좀도둑은 우연히 우체통을 통해 편지를 받게 된다. 장난스레 편지에 답장을 하던 이들은 그 편지가 과거에서 보낸 편지라는 사실을 알게 되는데… 첫 번째 편지, 가수의 꿈을 이루기 위해 도시로 나갔지만 가수로서 재능이 보이지 않아 고민하는 ‘시골 뮤지션’이 보내는 편지. 두 번째 편지, 마이클 잭슨 같은 스타를 꿈꾸지만 아버지의 사업 실패와 순간의 실수 때문에 가족과 헤어져 보육원에서 자라난 ‘하오보’가 보내는 편지. 세 번째 편지, 가족을 부양하기 위해 큰돈을 벌고 싶은 ‘길 잃은 강아지’가 보내는 편지. 아무에게도 말하지 못했던 모두의 고민이 모여드는 “나미야 잡화점” 하룻밤 동안 펼쳐지는 가슴 따뜻한 이야기가 당신을 찾아갑니다.",https://image.tmdb.org/t/p/w500/atEl33zh1mxiOEBmThop4uHGbMk.jpg,0,판타지,,https://image.tmdb.org/t/p/w500/kBj9qiT3cOD5vxkojkgY8HShjHT.jpg
,셰이프 오브 워터: 사랑의 모양,20180222,"['샐리 호킨스', '마이클 섀넌', '리차드 젠킨스']",청소년관람불가,기예르모 델 토로,"우주 개발 경쟁이 한창인 1960년대, 미 항공우주 연구센터의 비밀 실험실에서 일하는 언어장애를 지닌 청소부 엘라이자(샐리 호킨스)의 곁에는 수다스럽지만 믿음직한 동료 젤다(옥타비아 스펜서)와 서로를 보살펴주는 가난한 이웃집 화가 자일스(리차드 젠킨스)가 있다. 어느 날 실험실에 온몸이 비늘로 덮인 괴생명체가 수조에 갇힌 채 들어오고, 엘라이자는 신비로운 그에게 이끌려 조금씩 다가가게 된다. 음악을 함께 들으며 서로 교감하는 모습을 목격한 호프스테틀러 박사(마이클 스털버그)는 생명체에게 지능 및 공감 능력이 있다는 사실을 알게 되는데...",https://image.tmdb.org/t/p/w500/kbKJW97l10Osxtq7W12h1NiKjWX.jpg,0,어드벤처,,https://image.tmdb.org/t/p/w500/rgyhSn3mINvkuy9iswZK0VLqQO3.jpg
,레드 스패로,20180228,"['제니퍼 로렌스', '조엘 에저튼', '마티아스 쇼에나에츠']",청소년관람불가,프란시스 로렌스,"아름다운 외모와 타고난 재능의 발레리나 '도미니카' (제니퍼 로렌스)는  갑작스러운 부상으로 더 이상 무대에 오를 수 없게 된다.  불확실한 미래 앞에 거부할 수 없는 제안을 받게 된 그녀는  엄마를 지키기 우해 '레드 스패로'가 되기로 결심한다.  유혹하고 조종하고 제거하라!  젊은 요원들의 육체와 정신을 극한으로 몰아붙여  몸과 마음을 이용해 타겟의 심리를 파고드는 훈련으로  스파이를 양성하는 비밀정보기관 '레드 스페로'.  한계를 뛰어넘는 훈련과정을 통해  '레드 스패로' 사상 가장 치명적인 스파이로 새롭게 태어난 '도미니카'.  그녀는 조직에 숨어있는 이중 첩자를 알아내기 위해 미국 CIA 요원을 유혹한다.  그러나 그는 오히려 그녀가 믿을 사람은 자신뿐이라고 말하는데...  속고 속이는 위험한 작전, 살아남기 위해 승자가 되어야만 한다.",https://image.tmdb.org/t/p/w500/gEguR1qDAlEHfKhhYH9asgvsUBn.jpg,0,스릴러,,https://image.tmdb.org/t/p/w500/sGzuQYSTwJvLBc2PnuSVLHhuFeh.jpg
,게이트,20180228,"['정려원', '임창정', '정상훈']",15세이상관람가,신재호,"인생 역전 대박을 이뤄줄 마지막 한 탕을 노린다.  근데, 파면 팔수록 뭔가 이상하다?  금고 털러 왔다가 대한민국을 뒤집어버린 남다른 스케일의 도둑들이 온다!",https://image.tmdb.org/t/p/w500/vzLlsx6VsBPp2slv59N3EDhjTSl.jpg,0,범죄,,https://image.tmdb.org/t/p/w500/s8l2QX9ri2oMUH1hha1XsIeTLND.jpg
,더 포스트,20180228,"['톰 행크스', '메릴 스트립', '알리슨 브리']",12세이상관람가,스티븐 스필버그,"“우리가 보도하지 않으면, 우리가 지고, 국민이 지는 겁니다.”
 1971년, 뉴욕 타임즈의 ‘펜타곤 페이퍼’ 특종 보도로 미 전역이 발칵 뒤집힌다.  트루먼, 아이젠하워, 케네디, 존슨에 이르는 네 명의 대통령이 30년간 감춰온 베트남 전쟁의 비밀이 알려지자  정부는 관련 보도를 금지시키고, 경쟁지 워싱턴 포스트의 편집장 ‘벤’(톰 행크스)은  베트남 전쟁의 진실이 담긴 정부기밀문서 ‘펜타곤 페이퍼’ 입수에 사활을 건다.  결국 4천 장에 달하는 정부기밀문서를 손에 쥔 ‘벤’(톰 행크스)은  미 정부가 개입하여 베트남 전쟁을 조작한 사건을 세상에 공개해야 한다고 주장하고,  최초의 여성 발행인 ‘캐서린’(메릴 스트립)은 회사와 자신, 모든 것을 걸고  세상을 바꿀 결정을 내려야만 하는데…  1분 1초의 사활을 건 특종 경쟁 속,  세상을 뒤흔든 위대한 보도가 시작된다!",https://image.tmdb.org/t/p/w500/yIovybI5zoVxzQAPXIiU1fmChRR.jpg,0,드라마,,https://image.tmdb.org/t/p/w500/8sb4aBST28vN3rBz704XJczS0Ld.jpg
,패딩턴 2,20180208,"['벤 위쇼', '휴 그랜트', '브렌단 글리슨']",전체관람가,폴 킹,"런던 생활 3년 차, 현지 적응 완료한 패딩턴은  이발소 보조, 아쿠아리움 청소, 창문 닦기까지 섭렵  자칭 알바 마스터로 거듭난다.  루시 숙모의 100번째 생일 선물 비밀의 ‘팝업북’을 사기 위해  한 땀 한 땀 돈을 모으던 패딩턴에게 닥친 곰생 최대 위기!  변장의 대가 피닉스에 의해 비밀의 팝업북 도둑 누명을 쓰고 감옥에 갇히게 된 것!  그러나 이대로 물러설 수는 없다!  새로운 감옥 친구들과 브라운 가족의 도움으로 탈출을 감행,  진짜 범인 피닉스를 찾기 위한 털 날리는(!) 추격을 시작하는데!",https://image.tmdb.org/t/p/w500/dS1lCwSZGn9kXha0IBHyzVlWNqO.jpg,0,코미디,,https://image.tmdb.org/t/p/w500/dixP2X8GbQF0KjkkBnwgOAikjjC.jpg
,신과함께-죄와 벌,20171220,"['하정우', '차태현', '주지훈']",12세이상관람가,김용화,"화재 사고 현장에서 여자아이를 구하고 죽음을 맞이한 소방관 자홍의 앞에 저승차사 해원맥과 덕춘이 나타난다. 저승으로 가는 입구, 초군문에서 그를 기다리는 또 한 명의 차사 강림, 그는 차사들의 리더이자 앞으로 자홍이 겪어야 할 7개의 재판에서 변호를 맡아줄 변호사이기도 하다. 염라대왕에게 천년 동안 49명의 망자를 환생시키면 자신들 역시 인간으로 환생시켜 주겠다는 약속을 받은 삼차사들, 그들은 자신들이 변호하고 호위해야 하는 48번째 망자이자 19년 만에 나타난 의로운 귀인 자홍의 환생을 확신하지만, 각 지옥에서 자홍의 과거가 하나 둘씩 드러나는데...",https://image.tmdb.org/t/p/w500/5j2YVF7VouLG0Ze96SEsj4DnVQM.jpg,0,판타지,,https://image.tmdb.org/t/p/w500/wyv2Y9vXYJwJzF6cNVuVwVOsOUj.jpg
,1987,20171227,"['김윤석', '하정우', '유해진']",15세이상관람가,장준환,"1987년 1월, 경찰 조사를 받던 스물두 살 대학생이 사망한다. 박처장(김윤석)의 주도 하에 경찰은 시신 화장을 요청하지만, 사망 당일 당직이었던 최검사(하정우)는 이를 거부하고 부검을 밀어붙인다. 단순 쇼크사인 것처럼 거짓 발표를 이어가는 경찰. 그러나 현장에 남은 흔적들과 부검 소견은 고문에 의한 사망을 가리키고, 사건을 취재하던 윤기자(이희준)는 물고문 도중 질식사를 보도한다. 한편, 교도소에 수감된 조반장을 통해 사건의 진상을 알게 된 교도관 한병용(유해진)은 이 사실을 수배 중인 재야인사에게 전달하기 위해 조카인 연희(김태리)에게 위험한 부탁을 하게 되는데...",https://image.tmdb.org/t/p/w500/lrDWJpagZAaMz96rXiTkQJdPgaK.jpg,0,드라마,,https://image.tmdb.org/t/p/w500/Ig89vrXPNMVZ4LdCiAAIOr6Hcp.jpg
,강철비,20171214,"['정우성', '곽도원', '김갑수']",15세이상관람가,양우석,"북한에서 쿠데타가 발생한다. 은퇴한 특수요원 엄철우(정우성)는 상부로부터 다른 임무를 받고 인근에 잠복해 있다가 치명상을 입은 북한 1호를 보호한다. 남한까지 피신해 온 그를 북한 정예요원들이 쫓는 가운데 그 사이 북한은 전 세계를 상대로 선전포고를, 남한은 계엄령을 선포한다. 한편 남한의 외교안보수석 곽철우(곽도원)는 북한의 핵 미사일 발사를 앞두고 혼란스러운 와중에 우연히 전 부인의 병원에 숨어든 엄철우 일행을 찾아낸다. 핵 전쟁으로 번질 일촉즉발의 상황을 앞두고 두명의 철우는 서로 협력하기로 하는데...",https://image.tmdb.org/t/p/w500/pC3Mcz2TPuXIkTrd8bolUgBm9GV.jpg,0,액션,,https://image.tmdb.org/t/p/w500/3eEtOooEzdpIA9hf0V4b5DFqyjd.jpg
,위대한 쇼맨,20171220,"['휴 잭맨', '잭 에프런', '미쉘 윌리엄스']",12세이상관람가,마이클 그레이시,"쇼 비즈니스의 창시자이자, 꿈의 무대로 전세계를 매료시킨 남자 ‘바넘’의 이야기에서 영감을 받아 탄생한 오리지널 뮤지컬 영화 .  이후 다시 뮤지컬 영화로 돌아온 휴 잭맨부터 잭 에프론, 미셸 윌리엄스, 레베카 퍼거슨, 젠다야까지 할리우드 최고의 배우들이 합류해 환상적인 앙상블을 선보인다.  여기에  제작진과  작사팀의 합류로 더욱 풍성해진 비주얼과 스토리, 음악까지 선보일 은 ‘우리는 누구나 특별하다’는 메시지로 관객들에게 재미는 물론, 감동까지 선사할 것이다.  THIS IS ME! 우리는 누구나 특별하다!",https://image.tmdb.org/t/p/w500/rEHP1fY7SMoBQlpHfAtX7178acG.jpg,0,드라마,,https://image.tmdb.org/t/p/w500/zpq404Sk7qQ7N4x3xOeNgp74GtU.jpg
,극장판 포켓몬스터 너로 정했다!,20171221,[],전체관람가,유야마 쿠니히코,"포켓몬 트레이너의 자격을 얻을 수 있는 10살이 되는 아침을 맞이한 지우는 오박사 연구소에서 파트너 포켓몬을 받을 예정이었지만, 늦잠을 자게 되고 마지막으로 남아 있는 낯을 가리고 사람을 잘 안 따르는 포켓몬 피카츄와 파트너가 된다. 첫만남부터 티격태격하며 우정을 쌓아가던 중 우연히 전설의 포켓몬을 목격하게 된 지우와 피카츄는 다시 한번 전설의 포켓몬을 찾아 떠나기로 약속하는데...",https://image.tmdb.org/t/p/w500/brW08krLDqG8baxIgSrfbw5QrDo.jpg,0,애니메이션,,https://image.tmdb.org/t/p/w500/k6KlehTEOAlC5nJUeIbbgim7GrV.jpg
,몬스터 패밀리,20171221,"['에밀리 왓슨', '닉 프로스트']",전체관람가,호거 태프,"지루한 일상 속에 만나면 싸우기만 하는 ‘위시본’ 가족.  다 함께 시간을 보낸 게 무려 1년 9개월하고도 23일 전!  가족의 화합을 위해 할로윈 파티를 준비하던 엄마 ‘엠마’.  뱀파이어 이빨을 찾던 중 진짜 드라큘라와 전화연결이 되고  외로움에 사무치던 드라큘라의 음모로 순식간에 가족 모두가 몬스터로 변해버린다.  몬스터로 변한 외모 때문에 불편한 건 잠시, 인간일 때 보다 매력도, 파워도 UP!  신나고 버라이어티한 일들이 많아진 ‘위시본’ 가족은 고민에 빠지는데…!  인간일 때보다 더 짜릿한 몬스터 라이프!  과연 가족들은 다시 인간으로 돌아갈 수 있을까?",https://image.tmdb.org/t/p/w500/z14ruHftC9MuVWwkVO4VSorFNoq.jpg,0,애니메이션,,https://image.tmdb.org/t/p/w500/jFSwrtsYJ0QesgPrvShQNOTn8aV.jpg
,원더,20171227,"['줄리아 로버츠', '오웬 윌슨', '제이콥 트렘블레이']",전체관람가,스티븐 크보스키,"누구보다 위트 있고 호기심 많은 매력 부자 ‘어기'(제이콥 트렘블레이).  하지만 남들과 다른 외모로 태어난 ‘어기'는 모두가 좋아하는 크리스마스 대신 얼굴을 감출 수 있는 할로윈을 더 좋아한다.  10살이 된 아들에게 더 큰 세상을 보여주고 싶었던 엄마 ‘이사벨’(줄리아 로버츠)과 아빠 ‘네이트’(오웬 윌슨)는  ‘어기'를 학교에 보낼 준비를 하고, 동생에게 모든 것을 양보해왔지만  누구보다 그를 사랑하는 누나 ‘비아'도 ‘어기'의 첫걸음을 응원해준다.  그렇게 가족이 세상의 전부였던 ‘어기'는 처음으로 헬멧을 벗고 낯선 세상에 용감하게 첫발을 내딛지만  첫날부터 ‘남다른 외모'로 화제의 주인공이 되고, 사람들의 시선에 큰 상처를 받는다.  그러나 ‘어기'는 27번의 성형(?)수술을 견뎌낸 긍정적인 성격으로 다시 한번 용기를 내고,  주변 사람들도 하나둘 변하기 시작하는데...",https://image.tmdb.org/t/p/w500/wI9ksZ27Av4YVCHbXnrhT87FP6b.jpg,0,드라마,,https://image.tmdb.org/t/p/w500/4rsrxYDfIzvtAsIE9wevxPRXAk4.jpg
,뽀로로 극장판 공룡섬 대모험,20171207,"['이선', '이미자', '함수정']",전체관람가,김현호,"하지만 이름 말고는 아무것도 기억하지 못하는 ‘알로’를 위해  우주선을 고치던 중 비행선이 번쩍하며 ‘크롱’과 ‘알로’를 데리고 멀리 사라져 버린다.  크롱과 알로를 구하기 위해 비행선을 뒤쫓던 뽀로로와 친구들은 공룡섬에 도착하고,  그곳에서 공룡들을 잡아 외계인들에게 팔아 넘기는 공룡 사냥꾼 ‘Mr. Y’를 만나게 되는데…  과연, 외계인 사냥꾼의 공격을 피해  위험에 빠진 친구들을 구할 수 있을까?",https://image.tmdb.org/t/p/w500/6dsOHWcSn5E0A1OW2K2i4q881h4.jpg,0,애니메이션,,https://image.tmdb.org/t/p/w500/6dsOHWcSn5E0A1OW2K2i4q881h4.jpg
,극장판 프리파라 모두의 동경♪ 렛츠고☆프리파리,20171228,[],전체관람가,모리와키 마코토,"위기에 처한 파루루를 구하라!  ""뭐!? 파루루가 사라져 버린다고!?""  아이돌의 성지 '프리파리'에 있는 라라의 소중한 친구,  파루루가 보내온 SOS 메시지  '프리파리'에서 반짝임이 사라져가고 있어.  이대로는 프리파라까지 사라져 버릴지도 몰라! 도와줘!  프리파라에서 활약 중인 아이돌이 팀을 나누어 전 세계를 무대로  를 모으며 프리파리를 향해 전력 질주!  라라와 친구들은 파루루를 구하고,  프리파라를 무사히 구할 수 있을까?!  아이돌의 우정이 기적을 일으킨다!  함께 가요! 프린세스의 스테이지로!",https://image.tmdb.org/t/p/w500/zuLQjwJNKSKT7k5yYZw13LXwv3.jpg,0,애니메이션,,https://image.tmdb.org/t/p/w500/ye43gKd425p4aLkurO3S79RzY4k.jpg
,스타워즈: 라스트 제다이,20171214,"['마크 해밀', '캐리 피셔', '아담 드라이버']",12세이상관람가,라이언 존슨,"악의 세력인 무자비한 퍼스트 오더가 은하계를 장악한 시대. 레아 장군(캐리 피셔)의 저항군은 힘겨운 싸움을 이어가고 있다. 그들의 유일한 희망은 마지막 제다이 루크 스카이워커(마크 해밀). 저항군은 승리의 불씨를 지필 마지막 희망을 찾아 레이를 과거의 영웅 루크에게 보낸다. 레이(데이지 리들리)는 우여곡절 끝에 루크를 찾아내지만, 자신의 잘못으로 레아의 아들 벤 솔로가 퍼스트 오더의 실세 카일로 렌이 되었다고 생각하는 루크는 함께 떠나자는 레이의 제안을 거절한다. 한편 레이는 알 수 없는 이유로 카일로 렌과 교감할 수 있게 된다.",https://image.tmdb.org/t/p/w500/zRvMTCzUVnkdW9lno9HQwrigWSr.jpg,0,액션,,https://image.tmdb.org/t/p/w500/baNQpUlmX8shVmJBGHMSL5Y6MBl.jpg
,토르: 라그나로크,20171025,"['크리스 헴스워스', '톰 히들스턴', '케이트 블란쳇']",12세이상관람가,타이카 와이티티,"은하계를 탐험하던 토르는 오딘의 오랜 숙적 수르트와의 대결에서 승리하는데, 수르트는 라그나로크가 이미 시작됐고, 막을 수 없을 것이라는 의미심장한 말을 남긴다. 한편 오딘의 힘이 약해지며 그가 봉인했던 죽음의 여신 헬라가 나타난다. 오딘의 첫째딸인 그녀는 두 동생, 토르와 로키를 가볍게 제압하고 아스가르드를 정복한다. 헬라와의 전쟁에서 묠니르를 잃고 사카아르라는 미지의 행성에 불시착한 토르는 아스가르드 행성으로 돌아가기 위해 고군분투한다. 행성의 통치자 그랜드 마스터는 행성 최고의 투사 챔피언과 싸워 이기면 행성을 떠나게 해주겠다고 토르에게 제안한다.",https://image.tmdb.org/t/p/w500/jwswXltzpGaKZCtz1CiDjXHQYAs.jpg,0,액션,,https://image.tmdb.org/t/p/w500/kaIfm5ryEOwYg8mLbq8HkPuM1Fo.jpg
,범죄도시,20171003,"['마동석', '윤계상', '조재윤']",청소년관람불가,강윤성,2004년 서울. 중국 하얼빈에서 활동하다 피신한 신흥 범죄조직의 악랄한 보스 장첸(윤계상). 가리봉동 일대로 넘어온 장첸과 그의 일당들은 단숨에 기존 조직들을 장악하고 가장 강력한 세력인 춘식이파 보스 황사장(조재윤)까지 위협하며 도시 일대의 최강자로 급부상한다. 한편 대한민국을 뒤흔든 장첸 일당을 잡기 위해 오직 주먹 한방으로 도시의 평화를 유지해 온 괴물형사 마석도(마동석)와  인간미 넘치는 든든한 리더 전일만(최귀화) 반장이 이끄는 강력반은 눈에는 눈 방식의  소탕 작전을 기획하는데...,https://image.tmdb.org/t/p/w500/6ABcDZKMEITg8bMwtGMh6ApKIm7.jpg,0,범죄,,https://image.tmdb.org/t/p/w500/67eKM9rkCOZmNVrsgXVKiCvJh1.jpg
,너의 췌장을 먹고 싶어,20171025,"['키타가와 케이코', '오구리 슌', '하마베 미나미']",12세이상관람가,츠키카와 쇼,"어느 날, 우연히 주운 한 권의 「공병문고」를 통해 ‘나’는 학급 최고의 인기인 ‘사쿠라’의 비밀과 마주하게 된다. 비밀을 숨긴 채 살아가는 ‘사쿠라’와 그 비밀을 아는 유일한 클래스메이트 ‘나’",https://image.tmdb.org/t/p/w500/g1ucSvfDnV3HEVt8x7YeZ0fAIs2.jpg,0,드라마,,https://image.tmdb.org/t/p/w500/YLyORLsYIjC0d1TFBSpJKk7piP.jpg
,지오스톰,20171019,"['캐서린 윈닉', '제라드 버틀러', '짐 스터게스']",12세이상관람가,딘 데블린,"가까운 미래, 기후변화로 인해 지구에 갖가지 자연재해가 속출한다.  세계 정부 연합은 더 이상의 재난을 예방하기 위해  세계 인공위성 조직망을 통해 날씨를 조종할 수 있는 '더치보이 프로그램'을 개발한다.  하지만 프로그램에 문제가 생기면서 두바이의 쓰나미와 홍콩의 용암 분출, 리우의 혹한, 모스크바의 폭염까지,  세계 곳곳에서 일어날 수 없는 기상이변이 일어나는데...",https://image.tmdb.org/t/p/w500/cBvjpQEzceaEyTwpXONvAhdH8Zl.jpg,0,액션,,https://image.tmdb.org/t/p/w500/79X8JkGxzc1tJMi0KxUSaPLooVg.jpg
,대장 김창수,20171019,"['조진웅', '송승헌', '정만식']",12세이상관람가,이원태,"1896년 황해도 치하포, 청년 김창수가 일본인을 죽이고 체포된다. 그는 재판장에서 국모의 원수를 갚았을 뿐이라고 소리치지만 결국 사형 선고를 받고 인천 감옥소에 수감된다. 일본의 편에 선 감옥소장 강형식은 자신에게 굴복하지 않는 김창수를 갖은 고문으로 괴롭히고 죄수들마저 김창수에게 등을 돌린다.  하지만 그 곳은 그에게만 지옥이 아니었다. 못 배우고, 못 가졌다는 이유로 재판조차 받지 못한 채 억울한 옥살이를 하는 조선인들을 보며 김창수는 조금씩 현실에 눈을 뜨게 되고, 변화를 꿈꾸기 시작한다.  천하고 평범한 청년이 대장 김창수로 거듭나기까지  그의 모든 것을 바꿔놓은 625일의 이야기!",https://image.tmdb.org/t/p/w500/1iMA2VcQ9m8vV46CzAyzndGsCzT.jpg,0,드라마,,https://image.tmdb.org/t/p/w500/vmRsw92ibKXITRhByp2WEZpp7FE.jpg
,남한산성,20171003,"['이병헌', '김윤석', '박해일']",15세이상관람가,황동혁,"1636년 인조 14년 병자호란. 청의 대군이 공격해오자 임금과 조정은 적을 피해 남한산성으로 숨어든다.  추위와 굶주림, 절대적인 군사적 열세 속 청군에 완전히 포위된 상황,  대신들의 의견 또한 첨예하게 맞선다.  순간의 치욕을 견디고 나라와 백성을 지켜야 한다는 이조판서 ‘최명길’(이병헌)과  청의 치욕스런 공격에 끝까지 맞서 싸워 대의를 지켜야 한다는 예조판서 ‘김상헌’(김윤석).  그 사이에서 ‘인조’(박해일)의 번민은 깊어지고, 청의 무리한 요구와 압박은 더욱 거세지는데...  나아갈 곳도 물러설 곳도 없는 고립무원의 남한산성  나라의 운명이 그곳에 갇혔다!",https://image.tmdb.org/t/p/w500/iqvpNbgNuEnZfuuOsAIQWjdnLSZ.jpg,0,사극,,https://image.tmdb.org/t/p/w500/ti7uFZR1JHEVGAI5iGI6GBJW0i8.jp
,"나는 내일, 어제의 너와 만난다",20171012,"['후쿠시 소타', '고마츠 나나', '히가시데 마사히로']",12세이상관람가,미키 타카히로,"스무 살의 ‘타카토시’는 지하철에서 우연히 만난 ‘에미’를 보고 순식간에 마음을 빼앗긴다. 운명 같은 끌림을 느낀 타카토시의 고백으로 두 사람은 연인이 되고, 매일 만나 행복한 데이트를 한다. 하지만, 왠지 종종 의미를 알 수 없는 눈물을 보이던 에미로부터 믿을 수 없는 비밀을 듣게 된 타카토시는 큰 혼란에 빠진다. 그 비밀은 바로 타카토시와 에미의 시간은 서로 반대로 흐르고 있고, 교차되는 시간 속에서 함께 할 수 있는 시간은 오직 30일뿐이라는 것. 30일 후에도, 이 사랑은 계속될 수 있을까?",https://image.tmdb.org/t/p/w500/rsW6wgbeFQVxqh108IWn22FCTxr.jpg,0,멜로/로맨스,,https://image.tmdb.org/t/p/w500/smwZPWM8YBd2oFOQRWQjoAOOhz4.jpg
,아이 캔 스피크,20170921,"['나문희', '이제훈', '박철민']",12세이상관람가,김현석,"온 동네를 휘저으며 무려 8천 건에 달하는 민원을 넣어 도깨비 할매라고 불리는 ‘옥분’.  20여 년간 누구도 막을 수 없었던 그녀 앞에 원칙주의 9급 공무원 ‘민재’가 나타나면서 팽팽한 긴장감이 흐른다.  민원 접수만큼이나 열심히 공부하던 영어가 좀처럼 늘지 않아 의기소침한 ‘옥분’은 원어민 수준의 영어를 구사하는 ‘민재’를 본 후 선생님이 되어 달라며 시간과 장소를 불문하고 부탁하기에 이른다.  둘만의 특별한 거래를 통해 결코 어울리지 않을 것 같았던 두 사람의 영어 수업이 시작되고, 함께하는 시간이 계속 될수록 서로를 이해하고 소통하게 되면서 친구이자 가족이 되어 간다.  ‘옥분’이 영어 공부에 매달리는 이유가 내내 궁금하던 ‘민재’는 어느 날, 그녀가 영어로 꼭 하고 싶은 말이 있다는 것을 알게 되는데…",https://image.tmdb.org/t/p/w500/mGrQx2zffkconsCrxeZ1sHkCBjb.jpg,0,코미디,,https://image.tmdb.org/t/p/w500/jivtx9El0WUeUZ5hrLBQQi4Bh8t.jpg
,뷰티풀 투모로우,20171026,"['박효신', '정재일', '에드가 킨테로']",12세이상관람가,장재혁,"박효신 7집 〈I am A Dreamer〉를 새롭게 만나는 시간  아티스트 박효신이 전하는 꿈의 메시지 ‘뷰티풀 투모로우’  2016년 10월, 6년만의 정규 앨범 7집 〈I am A Dreamer〉로 돌아온 ‘박효신’,  그가 음악적 소울메이트인 ‘정재일’과 함께 쿠바로 떠나 자유롭게 음악작업을 하며  7집 앨범을 완성해가는 모습을 고스란히 만나볼 수 있는 블럭 뮤직비디오다.  낯설지만 아름다운 쿠바의 소극장, 길거리, 바다를 무대로  자유롭게 노래하는 ‘박효신’과 ‘정재일’, 그리고 쿠바 소년 ‘라파엘’의 모습이  7집 앨범 수록곡과 함께 아름답게 펼쳐진다.  대표곡 ‘숨’, ‘Beautiful Tomorrow’, ’Home’은 물론  이전 영상으로 공개되지 않았던 ‘I’m a dreamer’, ‘Wonderland’, ‘Li-La’를 포함해 총 9곡을 박효신의 감미로운 내레이션과 함께 한 편의 영상으로 감상할 수 있다.  ‘낯선 풍경 속에서 새롭게 들리는 나의 노래, 그리고 노래하며 다시 행복한 나’  Beautiful Tomorrow",https://image.tmdb.org/t/p/w500/sFoCh53JW5fROEax4XCfA0CiVJK.jpg,0,드라마,,https://image.tmdb.org/t/p/w500/sFoCh53JW5fROEax4XCfA0CiVJK.jpg